mode: set
github.com/trickreport/backend/internal/application/article/service.go:30.43,32.2 1 1
github.com/trickreport/backend/internal/application/article/service.go:35.120,37.2 1 1
github.com/trickreport/backend/internal/application/article/service.go:40.107,42.2 1 1
github.com/trickreport/backend/internal/application/article/service.go:56.92,57.46 1 1
github.com/trickreport/backend/internal/application/article/service.go:57.46,59.3 1 1
github.com/trickreport/backend/internal/application/article/service.go:60.2,61.20 2 1
github.com/trickreport/backend/internal/application/article/service.go:61.20,63.3 1 1
github.com/trickreport/backend/internal/application/article/service.go:64.2,65.17 2 1
github.com/trickreport/backend/internal/application/article/service.go:65.17,67.3 1 1
github.com/trickreport/backend/internal/application/article/service.go:69.2,79.46 2 1
github.com/trickreport/backend/internal/application/article/service.go:79.46,81.3 1 1
github.com/trickreport/backend/internal/application/article/service.go:82.2,82.15 1 1
github.com/trickreport/backend/internal/application/article/service.go:97.92,98.46 1 1
github.com/trickreport/backend/internal/application/article/service.go:98.46,100.3 1 1
github.com/trickreport/backend/internal/application/article/service.go:101.2,102.17 2 1
github.com/trickreport/backend/internal/application/article/service.go:102.17,104.3 1 1
github.com/trickreport/backend/internal/application/article/service.go:106.2,116.46 2 1
github.com/trickreport/backend/internal/application/article/service.go:116.46,118.3 1 1
github.com/trickreport/backend/internal/application/article/service.go:119.2,119.15 1 1
github.com/trickreport/backend/internal/application/article/service.go:123.77,125.2 1 1
github.com/trickreport/backend/internal/application/analytics/service.go:64.43,66.2 1 1
github.com/trickreport/backend/internal/application/analytics/service.go:69.88,71.2 1 1
github.com/trickreport/backend/internal/application/analytics/service.go:74.93,76.2 1 1
github.com/trickreport/backend/internal/application/analytics/service.go:79.112,81.2 1 1
github.com/trickreport/backend/internal/application/analytics/service.go:84.107,86.2 1 1
github.com/trickreport/backend/internal/application/analytics/service.go:90.90,95.16 4 1
github.com/trickreport/backend/internal/application/analytics/service.go:95.16,97.3 1 1
github.com/trickreport/backend/internal/application/analytics/service.go:99.2,100.16 2 1
github.com/trickreport/backend/internal/application/analytics/service.go:100.16,102.3 1 1
github.com/trickreport/backend/internal/application/analytics/service.go:104.2,105.16 2 1
github.com/trickreport/backend/internal/application/analytics/service.go:105.16,107.3 1 1
github.com/trickreport/backend/internal/application/analytics/service.go:109.2,110.16 2 1
github.com/trickreport/backend/internal/application/analytics/service.go:110.16,112.3 1 1
github.com/trickreport/backend/internal/application/analytics/service.go:113.2,119.18 2 1
github.com/trickreport/backend/internal/application/auth/service.go:58.130,66.2 1 1
github.com/trickreport/backend/internal/application/auth/service.go:89.86,90.47 1 1
github.com/trickreport/backend/internal/application/auth/service.go:90.47,92.3 1 1
github.com/trickreport/backend/internal/application/auth/service.go:94.2,95.16 2 1
github.com/trickreport/backend/internal/application/auth/service.go:95.16,97.3 1 1
github.com/trickreport/backend/internal/application/auth/service.go:100.2,100.19 1 1
github.com/trickreport/backend/internal/application/auth/service.go:100.19,101.77 1 1
github.com/trickreport/backend/internal/application/auth/service.go:101.77,103.4 1 1
github.com/trickreport/backend/internal/application/auth/service.go:104.8,105.27 1 1
github.com/trickreport/backend/internal/application/auth/service.go:105.27,107.4 1 1
github.com/trickreport/backend/internal/application/auth/service.go:108.3,108.74 1 1
github.com/trickreport/backend/internal/application/auth/service.go:108.74,110.4 1 1
github.com/trickreport/backend/internal/application/auth/service.go:113.2,114.16 2 1
github.com/trickreport/backend/internal/application/auth/service.go:114.16,116.3 1 1
github.com/trickreport/backend/internal/application/auth/service.go:118.2,123.8 1 1
github.com/trickreport/backend/internal/application/auth/service.go:127.89,129.2 1 1
github.com/trickreport/backend/internal/application/sla/service.go:22.43,24.2 1 1
github.com/trickreport/backend/internal/application/sla/service.go:27.87,29.2 1 1
github.com/trickreport/backend/internal/application/sla/service.go:41.87,42.24 1 1
github.com/trickreport/backend/internal/application/sla/service.go:43.43,43.43 0 1
github.com/trickreport/backend/internal/application/sla/service.go:44.10,45.37 1 1
github.com/trickreport/backend/internal/application/sla/service.go:48.2,56.46 2 1
github.com/trickreport/backend/internal/application/sla/service.go:56.46,58.3 1 1
github.com/trickreport/backend/internal/application/sla/service.go:59.2,59.15 1 1
github.com/trickreport/backend/internal/application/automation/engine.go:50.88,52.2 1 1
github.com/trickreport/backend/internal/application/automation/engine.go:56.48,57.19 1 1
github.com/trickreport/backend/internal/application/automation/engine.go:58.24,59.26 1 1
github.com/trickreport/backend/internal/application/automation/engine.go:60.31,61.26 1 1
github.com/trickreport/backend/internal/application/automation/engine.go:62.33,63.28 1 1
github.com/trickreport/backend/internal/application/automation/engine.go:64.20,65.22 1 1
github.com/trickreport/backend/internal/application/automation/engine.go:66.10,67.19 1 1
github.com/trickreport/backend/internal/application/automation/engine.go:72.87,73.51 1 1
github.com/trickreport/backend/internal/application/automation/engine.go:73.51,75.3 1 1
github.com/trickreport/backend/internal/application/automation/engine.go:77.2,80.16 3 1
github.com/trickreport/backend/internal/application/automation/engine.go:80.16,82.3 1 1
github.com/trickreport/backend/internal/application/automation/engine.go:85.2,86.32 2 1
github.com/trickreport/backend/internal/application/automation/engine.go:86.32,88.17 2 1
github.com/trickreport/backend/internal/application/automation/engine.go:88.17,90.4 1 1
github.com/trickreport/backend/internal/application/automation/engine.go:90.9,92.4 1 1
github.com/trickreport/backend/internal/application/automation/engine.go:95.2,95.29 1 1
github.com/trickreport/backend/internal/application/automation/engine.go:95.29,96.52 1 1
github.com/trickreport/backend/internal/application/automation/engine.go:96.52,97.12 1 1
github.com/trickreport/backend/internal/application/automation/engine.go:100.3,100.59 1 1
github.com/trickreport/backend/internal/application/automation/engine.go:100.59,101.12 1 1
github.com/trickreport/backend/internal/application/automation/engine.go:104.3,104.70 1 1
github.com/trickreport/backend/internal/application/automation/engine.go:104.70,109.4 1 0
github.com/trickreport/backend/internal/application/automation/engine.go:112.2,112.12 1 1
github.com/trickreport/backend/internal/application/automation/engine.go:117.105,118.26 1 1
github.com/trickreport/backend/internal/application/automation/engine.go:118.26,120.3 1 1
github.com/trickreport/backend/internal/application/automation/engine.go:122.2,122.42 1 1
github.com/trickreport/backend/internal/application/automation/engine.go:122.42,126.33 3 1
github.com/trickreport/backend/internal/application/automation/engine.go:127.17,128.23 1 1
github.com/trickreport/backend/internal/application/automation/engine.go:128.23,130.5 1 1
github.com/trickreport/backend/internal/application/automation/engine.go:131.19,132.23 1 1
github.com/trickreport/backend/internal/application/automation/engine.go:132.23,134.5 1 1
github.com/trickreport/backend/internal/application/automation/engine.go:135.19,136.23 1 1
github.com/trickreport/backend/internal/application/automation/engine.go:136.23,138.5 1 1
github.com/trickreport/backend/internal/application/automation/engine.go:139.16,140.23 1 1
github.com/trickreport/backend/internal/application/automation/engine.go:140.23,142.5 1 1
github.com/trickreport/backend/internal/application/automation/engine.go:143.32,144.27 1 1
github.com/trickreport/backend/internal/application/automation/engine.go:145.32,146.27 1 1
github.com/trickreport/backend/internal/application/automation/engine.go:147.11,149.16 1 1
github.com/trickreport/backend/internal/application/automation/engine.go:152.3,152.46 1 1
github.com/trickreport/backend/internal/application/automation/engine.go:152.46,154.4 1 1
github.com/trickreport/backend/internal/application/automation/engine.go:156.2,156.13 1 1
github.com/trickreport/backend/internal/application/automation/engine.go:161.121,162.35 1 1
github.com/trickreport/backend/internal/application/automation/engine.go:162.35,164.10 2 1
github.com/trickreport/backend/internal/application/automation/engine.go:164.10,166.12 2 1
github.com/trickreport/backend/internal/application/automation/engine.go:169.3,170.23 2 1
github.com/trickreport/backend/internal/application/automation/engine.go:170.23,172.12 2 1
github.com/trickreport/backend/internal/application/automation/engine.go:175.3,175.83 1 1
github.com/trickreport/backend/internal/application/automation/engine.go:175.83,181.4 1 1
github.com/trickreport/backend/internal/application/automation/engine.go:183.2,183.12 1 1
github.com/trickreport/backend/internal/application/automation/engine.go:186.134,187.20 1 1
github.com/trickreport/backend/internal/application/automation/engine.go:188.22,190.21 2 1
github.com/trickreport/backend/internal/application/automation/engine.go:190.21,192.4 1 1
github.com/trickreport/backend/internal/application/automation/engine.go:193.3,193.21 1 1
github.com/trickreport/backend/internal/application/automation/engine.go:193.21,195.4 1 1
github.com/trickreport/backend/internal/application/automation/engine.go:196.3,196.72 1 1
github.com/trickreport/backend/internal/application/automation/engine.go:198.20,200.19 2 1
github.com/trickreport/backend/internal/application/automation/engine.go:200.19,202.4 1 1
github.com/trickreport/backend/internal/application/automation/engine.go:203.3,203.19 1 1
github.com/trickreport/backend/internal/application/automation/engine.go:203.19,205.4 1 1
github.com/trickreport/backend/internal/application/automation/engine.go:206.3,206.68 1 1
github.com/trickreport/backend/internal/application/automation/engine.go:208.19,210.22 2 1
github.com/trickreport/backend/internal/application/automation/engine.go:210.22,212.4 1 1
github.com/trickreport/backend/internal/application/automation/engine.go:213.3,214.17 2 1
github.com/trickreport/backend/internal/application/automation/engine.go:214.17,216.4 1 1
github.com/trickreport/backend/internal/application/automation/engine.go:217.3,217.67 1 1
github.com/trickreport/backend/internal/application/automation/engine.go:219.21,221.20 2 1
github.com/trickreport/backend/internal/application/automation/engine.go:221.20,223.4 1 1
github.com/trickreport/backend/internal/application/automation/engine.go:224.3,224.20 1 1
github.com/trickreport/backend/internal/application/automation/engine.go:224.20,226.4 1 1
github.com/trickreport/backend/internal/application/automation/engine.go:227.3,228.41 2 1
github.com/trickreport/backend/internal/application/automation/engine.go:228.41,230.4 1 1
github.com/trickreport/backend/internal/application/automation/engine.go:231.3,231.82 1 1
github.com/trickreport/backend/internal/application/automation/engine.go:233.17,235.16 2 1
github.com/trickreport/backend/internal/application/automation/engine.go:235.16,237.4 1 1
github.com/trickreport/backend/internal/application/automation/engine.go:238.3,238.16 1 1
github.com/trickreport/backend/internal/application/automation/engine.go:238.16,240.4 1 1
github.com/trickreport/backend/internal/application/automation/engine.go:241.3,241.62 1 1
github.com/trickreport/backend/internal/application/automation/engine.go:243.10,245.13 2 1
github.com/trickreport/backend/internal/application/automation/service.go:24.43,26.2 1 1
github.com/trickreport/backend/internal/application/automation/service.go:29.92,31.2 1 1
github.com/trickreport/backend/internal/application/automation/service.go:45.92,46.49 1 1
github.com/trickreport/backend/internal/application/automation/service.go:46.49,48.3 1 1
github.com/trickreport/backend/internal/application/automation/service.go:50.2,60.46 2 1
github.com/trickreport/backend/internal/application/automation/service.go:60.46,62.3 1 1
github.com/trickreport/backend/internal/application/automation/service.go:63.2,63.15 1 1
github.com/trickreport/backend/internal/application/automation/service.go:79.92,80.49 1 1
github.com/trickreport/backend/internal/application/automation/service.go:80.49,82.3 1 1
github.com/trickreport/backend/internal/application/automation/service.go:84.2,95.46 2 1
github.com/trickreport/backend/internal/application/automation/service.go:95.46,97.3 1 1
github.com/trickreport/backend/internal/application/automation/service.go:98.2,98.15 1 1
github.com/trickreport/backend/internal/application/automation/service.go:102.77,104.2 1 1
github.com/trickreport/backend/internal/application/ticket/attachment_service.go:35.100,37.2 1 1
github.com/trickreport/backend/internal/application/ticket/attachment_service.go:51.110,54.16 2 1
github.com/trickreport/backend/internal/application/ticket/attachment_service.go:54.16,56.3 1 1
github.com/trickreport/backend/internal/application/ticket/attachment_service.go:57.2,57.48 1 1
github.com/trickreport/backend/internal/application/ticket/attachment_service.go:57.48,59.3 1 1
github.com/trickreport/backend/internal/application/ticket/attachment_service.go:61.2,68.4 1 1
github.com/trickreport/backend/internal/application/ticket/attachment_service.go:80.107,83.16 2 1
github.com/trickreport/backend/internal/application/ticket/attachment_service.go:83.16,85.3 1 1
github.com/trickreport/backend/internal/application/ticket/attachment_service.go:86.2,86.48 1 1
github.com/trickreport/backend/internal/application/ticket/attachment_service.go:86.48,88.3 1 1
github.com/trickreport/backend/internal/application/ticket/attachment_service.go:89.2,89.48 1 1
github.com/trickreport/backend/internal/application/ticket/attachment_service.go:108.122,111.16 2 1
github.com/trickreport/backend/internal/application/ticket/attachment_service.go:111.16,113.3 1 1
github.com/trickreport/backend/internal/application/ticket/attachment_service.go:114.2,114.48 1 1
github.com/trickreport/backend/internal/application/ticket/attachment_service.go:114.48,116.3 1 1
github.com/trickreport/backend/internal/application/ticket/attachment_service.go:117.2,117.71 1 1
github.com/trickreport/backend/internal/application/ticket/service.go:70.145,78.2 1 1
github.com/trickreport/backend/internal/application/ticket/service.go:82.61,84.2 1 1
github.com/trickreport/backend/internal/application/ticket/service.go:87.83,88.21 1 1
github.com/trickreport/backend/internal/application/ticket/service.go:88.21,90.3 1 1
github.com/trickreport/backend/internal/application/ticket/service.go:91.2,91.12 1 1
github.com/trickreport/backend/internal/application/ticket/service.go:91.12,93.65 2 1
github.com/trickreport/backend/internal/application/ticket/service.go:93.65,96.4 1 0
github.com/trickreport/backend/internal/application/ticket/service.go:101.146,103.2 1 1
github.com/trickreport/backend/internal/application/ticket/service.go:106.133,108.16 2 1
github.com/trickreport/backend/internal/application/ticket/service.go:108.16,110.3 1 1
github.com/trickreport/backend/internal/application/ticket/service.go:111.2,111.36 1 1
github.com/trickreport/backend/internal/application/ticket/service.go:111.36,113.3 1 1
github.com/trickreport/backend/internal/application/ticket/service.go:114.2,114.15 1 1
github.com/trickreport/backend/internal/application/ticket/service.go:128.100,129.50 1 1
github.com/trickreport/backend/internal/application/ticket/service.go:129.50,131.3 1 1
github.com/trickreport/backend/internal/application/ticket/service.go:133.2,134.26 2 1
github.com/trickreport/backend/internal/application/ticket/service.go:134.26,136.17 2 1
github.com/trickreport/backend/internal/application/ticket/service.go:136.17,138.4 1 1
github.com/trickreport/backend/internal/application/ticket/service.go:139.3,139.15 1 1
github.com/trickreport/backend/internal/application/ticket/service.go:142.2,143.20 2 1
github.com/trickreport/backend/internal/application/ticket/service.go:143.20,145.3 1 1
github.com/trickreport/backend/internal/application/ticket/service.go:147.2,159.46 2 1
github.com/trickreport/backend/internal/application/ticket/service.go:159.46,161.3 1 1
github.com/trickreport/backend/internal/application/ticket/service.go:163.2,163.18 1 1
github.com/trickreport/backend/internal/application/ticket/service.go:163.18,165.3 1 1
github.com/trickreport/backend/internal/application/ticket/service.go:168.2,176.15 2 1
github.com/trickreport/backend/internal/application/ticket/service.go:180.119,182.16 2 1
github.com/trickreport/backend/internal/application/ticket/service.go:182.16,184.3 1 1
github.com/trickreport/backend/internal/application/ticket/service.go:186.2,187.16 2 1
github.com/trickreport/backend/internal/application/ticket/service.go:187.16,189.3 1 1
github.com/trickreport/backend/internal/application/ticket/service.go:191.2,191.65 1 1
github.com/trickreport/backend/internal/application/ticket/service.go:191.65,193.3 1 1
github.com/trickreport/backend/internal/application/ticket/service.go:195.2,197.47 2 1
github.com/trickreport/backend/internal/application/ticket/service.go:197.47,199.3 1 1
github.com/trickreport/backend/internal/application/ticket/service.go:201.2,201.82 1 1
github.com/trickreport/backend/internal/application/ticket/service.go:201.82,203.3 1 1
github.com/trickreport/backend/internal/application/ticket/service.go:205.2,205.18 1 1
github.com/trickreport/backend/internal/application/ticket/service.go:205.18,210.3 1 1
github.com/trickreport/backend/internal/application/ticket/service.go:213.2,222.12 2 1
github.com/trickreport/backend/internal/application/ticket/service.go:226.101,228.2 1 1
github.com/trickreport/backend/internal/application/ticket/service.go:231.150,234.16 2 1
github.com/trickreport/backend/internal/application/ticket/service.go:234.16,236.3 1 1
github.com/trickreport/backend/internal/application/ticket/service.go:237.2,237.36 1 1
github.com/trickreport/backend/internal/application/ticket/service.go:237.36,239.3 1 1
github.com/trickreport/backend/internal/application/ticket/service.go:240.2,240.45 1 1
github.com/trickreport/backend/internal/application/ticket/service.go:254.109,255.25 1 1
github.com/trickreport/backend/internal/application/ticket/service.go:255.25,257.3 1 1
github.com/trickreport/backend/internal/application/ticket/service.go:260.2,260.30 1 1
github.com/trickreport/backend/internal/application/ticket/service.go:260.30,262.3 1 1
github.com/trickreport/backend/internal/application/ticket/service.go:265.2,266.16 2 1
github.com/trickreport/backend/internal/application/ticket/service.go:266.16,268.3 1 1
github.com/trickreport/backend/internal/application/ticket/service.go:269.2,269.48 1 1
github.com/trickreport/backend/internal/application/ticket/service.go:269.48,271.3 1 1
github.com/trickreport/backend/internal/application/ticket/service.go:273.2,281.50 2 1
github.com/trickreport/backend/internal/application/ticket/service.go:281.50,283.3 1 1
github.com/trickreport/backend/internal/application/ticket/service.go:285.2,285.18 1 1
github.com/trickreport/backend/internal/application/ticket/service.go:285.18,287.3 1 1
github.com/trickreport/backend/internal/application/ticket/service.go:289.2,289.15 1 1
github.com/trickreport/backend/internal/application/ticket/service.go:293.154,296.16 2 1
github.com/trickreport/backend/internal/application/ticket/service.go:296.16,298.3 1 1
github.com/trickreport/backend/internal/application/ticket/service.go:299.2,299.36 1 1
github.com/trickreport/backend/internal/application/ticket/service.go:299.36,301.3 1 1
github.com/trickreport/backend/internal/application/ticket/service.go:302.2,302.38 1 1
github.com/trickreport/backend/internal/application/user/service.go:41.66,43.2 1 1
github.com/trickreport/backend/internal/application/user/service.go:46.86,48.2 1 1
github.com/trickreport/backend/internal/application/user/service.go:51.88,53.2 1 1
github.com/trickreport/backend/internal/application/user/service.go:65.86,66.43 1 1
github.com/trickreport/backend/internal/application/user/service.go:66.43,68.3 1 1
github.com/trickreport/backend/internal/application/user/service.go:70.2,71.22 2 1
github.com/trickreport/backend/internal/application/user/service.go:71.22,73.17 2 1
github.com/trickreport/backend/internal/application/user/service.go:73.17,75.4 1 1
github.com/trickreport/backend/internal/application/user/service.go:76.3,76.11 1 1
github.com/trickreport/backend/internal/application/user/service.go:79.2,80.26 2 1
github.com/trickreport/backend/internal/application/user/service.go:80.26,82.17 2 1
github.com/trickreport/backend/internal/application/user/service.go:82.17,84.4 1 1
github.com/trickreport/backend/internal/application/user/service.go:85.3,85.22 1 1
github.com/trickreport/backend/internal/application/user/service.go:88.2,95.60 2 1
github.com/trickreport/backend/internal/application/user/service.go:95.60,97.3 1 1
github.com/trickreport/backend/internal/application/user/service.go:99.2,99.15 1 1
github.com/trickreport/backend/internal/application/user/service.go:103.112,105.2 1 1
github.com/trickreport/backend/internal/application/user/service.go:108.81,110.2 1 1
github.com/trickreport/backend/internal/bootstrap/bootstrap.go:24.99,25.45 1 1
github.com/trickreport/backend/internal/bootstrap/bootstrap.go:25.45,28.3 2 1
github.com/trickreport/backend/internal/bootstrap/bootstrap.go:30.2,32.16 3 0
github.com/trickreport/backend/internal/bootstrap/bootstrap.go:32.16,34.3 1 0
github.com/trickreport/backend/internal/bootstrap/bootstrap.go:35.2,35.19 1 0
github.com/trickreport/backend/internal/bootstrap/bootstrap.go:35.19,37.3 1 0
github.com/trickreport/backend/internal/bootstrap/bootstrap.go:39.2,40.16 2 0
github.com/trickreport/backend/internal/bootstrap/bootstrap.go:40.16,42.3 1 0
github.com/trickreport/backend/internal/bootstrap/bootstrap.go:44.2,49.16 2 0
github.com/trickreport/backend/internal/bootstrap/bootstrap.go:49.16,51.3 1 0
github.com/trickreport/backend/internal/bootstrap/bootstrap.go:53.2,54.12 2 0
github.com/trickreport/backend/internal/config/config.go:48.38,50.2 1 1
github.com/trickreport/backend/internal/config/config.go:54.44,56.15 2 1
github.com/trickreport/backend/internal/config/config.go:56.15,58.3 1 1
github.com/trickreport/backend/internal/config/config.go:59.2,61.26 3 1
github.com/trickreport/backend/internal/config/config.go:61.26,63.14 2 1
github.com/trickreport/backend/internal/config/config.go:63.14,65.4 1 1
github.com/trickreport/backend/internal/config/config.go:67.2,67.12 1 1
github.com/trickreport/backend/internal/config/config.go:70.21,92.45 17 1
github.com/trickreport/backend/internal/config/config.go:92.45,94.3 1 1
github.com/trickreport/backend/internal/config/config.go:96.2,97.45 2 1
github.com/trickreport/backend/internal/config/config.go:97.45,99.3 1 0
github.com/trickreport/backend/internal/config/config.go:102.2,102.45 1 1
github.com/trickreport/backend/internal/config/config.go:102.45,105.3 2 0
github.com/trickreport/backend/internal/config/config.go:108.2,108.24 1 1
github.com/trickreport/backend/internal/config/config.go:108.24,109.88 1 0
github.com/trickreport/backend/internal/config/config.go:109.88,111.4 1 0
github.com/trickreport/backend/internal/config/config.go:112.3,112.83 1 0
github.com/trickreport/backend/internal/config/config.go:112.83,114.4 1 0
github.com/trickreport/backend/internal/config/config.go:117.2,117.12 1 1
github.com/trickreport/backend/internal/config/config.go:121.29,123.2 1 1
github.com/trickreport/backend/internal/db/db.go:11.66,13.16 2 1
github.com/trickreport/backend/internal/db/db.go:13.16,15.3 1 1
github.com/trickreport/backend/internal/db/db.go:17.2,18.16 2 1
github.com/trickreport/backend/internal/db/db.go:18.16,20.3 1 0
github.com/trickreport/backend/internal/db/db.go:22.2,22.39 1 1
github.com/trickreport/backend/internal/db/db.go:22.39,24.3 1 1
github.com/trickreport/backend/internal/db/db.go:26.2,26.18 1 0
github.com/trickreport/backend/internal/db/migrate.go:23.46,25.16 2 1
github.com/trickreport/backend/internal/db/migrate.go:25.16,27.3 1 0
github.com/trickreport/backend/internal/db/migrate.go:29.2,32.16 3 1
github.com/trickreport/backend/internal/db/migrate.go:32.16,34.3 1 1
github.com/trickreport/backend/internal/db/migrate.go:35.2,37.61 2 0
github.com/trickreport/backend/internal/db/migrate.go:37.61,39.3 1 0
github.com/trickreport/backend/internal/db/migrate.go:40.2,40.12 1 0
github.com/trickreport/backend/internal/domain/article/article.go:28.49,29.40 1 1
github.com/trickreport/backend/internal/domain/article/article.go:29.40,31.3 1 1
github.com/trickreport/backend/internal/domain/article/article.go:32.2,32.20 1 1
github.com/trickreport/backend/internal/email/sender.go:17.40,19.2 1 1
github.com/trickreport/backend/internal/email/sender.go:21.62,26.2 4 1
github.com/trickreport/backend/internal/domain/user/role.go:15.30,16.11 1 1
github.com/trickreport/backend/internal/domain/user/role.go:17.41,18.14 1 1
github.com/trickreport/backend/internal/domain/user/role.go:20.2,20.14 1 1
github.com/trickreport/backend/internal/domain/user/role.go:24.40,26.19 2 1
github.com/trickreport/backend/internal/domain/user/role.go:26.19,28.3 1 1
github.com/trickreport/backend/internal/domain/user/role.go:29.2,29.16 1 1
github.com/trickreport/backend/internal/domain/user/role.go:33.37,35.2 1 1
github.com/trickreport/backend/internal/domain/user/role.go:38.39,40.2 1 1
github.com/trickreport/backend/internal/domain/user/role.go:43.39,45.2 1 1
github.com/trickreport/backend/internal/domain/user/role.go:48.40,50.2 1 1
github.com/trickreport/backend/internal/domain/ticket/comment.go:24.49,25.40 1 1
github.com/trickreport/backend/internal/domain/ticket/comment.go:25.40,27.3 1 1
github.com/trickreport/backend/internal/domain/ticket/comment.go:28.2,28.22 1 1
github.com/trickreport/backend/internal/domain/ticket/priority.go:16.34,17.11 1 1
github.com/trickreport/backend/internal/domain/ticket/priority.go:18.67,19.14 1 1
github.com/trickreport/backend/internal/domain/ticket/priority.go:21.2,21.14 1 1
github.com/trickreport/backend/internal/domain/ticket/priority.go:25.48,27.19 2 1
github.com/trickreport/backend/internal/domain/ticket/priority.go:27.19,29.3 1 1
github.com/trickreport/backend/internal/domain/ticket/priority.go:30.2,30.16 1 1
github.com/trickreport/backend/internal/domain/ticket/status.go:26.53,28.9 2 1
github.com/trickreport/backend/internal/domain/ticket/status.go:28.9,30.3 1 1
github.com/trickreport/backend/internal/domain/ticket/status.go:31.2,31.28 1 1
github.com/trickreport/backend/internal/domain/ticket/status.go:31.28,32.18 1 1
github.com/trickreport/backend/internal/domain/ticket/status.go:32.18,34.4 1 1
github.com/trickreport/backend/internal/domain/ticket/status.go:36.2,36.14 1 1
github.com/trickreport/backend/internal/domain/ticket/status.go:40.32,41.11 1 1
github.com/trickreport/backend/internal/domain/ticket/status.go:42.87,43.14 1 1
github.com/trickreport/backend/internal/domain/ticket/status.go:45.2,45.14 1 1
github.com/trickreport/backend/internal/domain/ticket/status.go:49.44,51.19 2 1
github.com/trickreport/backend/internal/domain/ticket/status.go:51.19,53.3 1 1
github.com/trickreport/backend/internal/domain/ticket/status.go:54.2,54.16 1 1
github.com/trickreport/backend/internal/domain/ticket/ticket.go:33.68,34.40 1 1
github.com/trickreport/backend/internal/domain/ticket/ticket.go:34.40,36.3 1 1
github.com/trickreport/backend/internal/domain/ticket/ticket.go:37.2,37.30 1 1
github.com/trickreport/backend/internal/domain/ticket/ticket.go:42.94,43.40 1 1
github.com/trickreport/backend/internal/domain/ticket/ticket.go:43.40,45.3 1 1
github.com/trickreport/backend/internal/domain/ticket/ticket.go:46.2,46.24 1 1
github.com/trickreport/backend/internal/domain/ticket/ticket.go:46.24,48.3 1 1
github.com/trickreport/backend/internal/domain/ticket/ticket.go:49.2,49.14 1 0
github.com/trickreport/backend/internal/domain/ticket/ticket.go:54.55,55.27 1 1
github.com/trickreport/backend/internal/domain/ticket/ticket.go:55.27,57.3 1 1
github.com/trickreport/backend/internal/domain/ticket/ticket.go:58.2,58.42 1 1
github.com/trickreport/backend/internal/domain/ticket/ticket.go:58.42,60.3 1 1
github.com/trickreport/backend/internal/domain/ticket/ticket.go:61.2,63.12 3 1
github.com/trickreport/backend/internal/domain/ticket/ticket.go:67.43,70.2 2 1
github.com/trickreport/backend/internal/infrastructure/auth/hasher.go:15.38,17.2 1 1
github.com/trickreport/backend/internal/infrastructure/auth/hasher.go:20.62,22.16 2 1
github.com/trickreport/backend/internal/infrastructure/auth/hasher.go:22.16,24.3 1 0
github.com/trickreport/backend/internal/infrastructure/auth/hasher.go:25.2,25.27 1 1
github.com/trickreport/backend/internal/infrastructure/auth/hasher.go:29.61,31.2 1 1
github.com/trickreport/backend/internal/infrastructure/auth/jwt.go:30.65,35.2 1 1
github.com/trickreport/backend/internal/infrastructure/auth/jwt.go:38.90,52.16 5 1
github.com/trickreport/backend/internal/infrastructure/auth/jwt.go:52.16,54.3 1 0
github.com/trickreport/backend/internal/infrastructure/auth/jwt.go:55.2,55.20 1 1
github.com/trickreport/backend/internal/infrastructure/auth/jwt.go:60.72,61.90 1 1
github.com/trickreport/backend/internal/infrastructure/auth/jwt.go:61.90,62.54 1 1
github.com/trickreport/backend/internal/infrastructure/auth/jwt.go:62.54,64.4 1 1
github.com/trickreport/backend/internal/infrastructure/auth/jwt.go:65.3,65.31 1 1
github.com/trickreport/backend/internal/infrastructure/auth/jwt.go:67.2,67.16 1 1
github.com/trickreport/backend/internal/infrastructure/auth/jwt.go:67.16,69.3 1 1
github.com/trickreport/backend/internal/infrastructure/auth/jwt.go:71.2,72.26 2 1
github.com/trickreport/backend/internal/infrastructure/auth/jwt.go:72.26,74.3 1 0
github.com/trickreport/backend/internal/infrastructure/auth/jwt.go:76.2,77.16 2 1
github.com/trickreport/backend/internal/infrastructure/auth/jwt.go:77.16,79.3 1 1
github.com/trickreport/backend/internal/infrastructure/auth/jwt.go:80.2,81.16 2 1
github.com/trickreport/backend/internal/infrastructure/auth/jwt.go:81.16,83.3 1 1
github.com/trickreport/backend/internal/infrastructure/auth/jwt.go:85.2,89.8 1 1
github.com/trickreport/backend/internal/infrastructure/auth/ldap.go:26.66,36.2 1 1
github.com/trickreport/backend/internal/infrastructure/auth/ldap.go:42.85,44.14 2 1
github.com/trickreport/backend/internal/infrastructure/auth/ldap.go:44.14,46.3 1 0
github.com/trickreport/backend/internal/infrastructure/auth/ldap.go:47.2,50.16 3 1
github.com/trickreport/backend/internal/infrastructure/auth/ldap.go:50.16,52.3 1 1
github.com/trickreport/backend/internal/infrastructure/auth/ldap.go:53.2,57.34 2 0
github.com/trickreport/backend/internal/infrastructure/auth/ldap.go:57.34,58.72 1 0
github.com/trickreport/backend/internal/infrastructure/auth/ldap.go:58.72,60.4 1 0
github.com/trickreport/backend/internal/infrastructure/auth/ldap.go:64.2,64.54 1 0
github.com/trickreport/backend/internal/infrastructure/auth/ldap.go:64.54,66.3 1 0
github.com/trickreport/backend/internal/infrastructure/auth/ldap.go:68.2,79.16 3 0
github.com/trickreport/backend/internal/infrastructure/auth/ldap.go:79.16,81.3 1 0
github.com/trickreport/backend/internal/infrastructure/auth/ldap.go:83.2,83.30 1 0
github.com/trickreport/backend/internal/infrastructure/auth/ldap.go:83.30,85.3 1 0
github.com/trickreport/backend/internal/infrastructure/auth/ldap.go:87.2,90.52 2 0
github.com/trickreport/backend/internal/infrastructure/auth/ldap.go:90.52,92.3 1 0
github.com/trickreport/backend/internal/infrastructure/auth/ldap.go:94.2,94.20 1 0
github.com/trickreport/backend/internal/infrastructure/email/smtp.go:22.101,31.2 1 1
github.com/trickreport/backend/internal/infrastructure/email/smtp.go:37.59,47.22 4 1
github.com/trickreport/backend/internal/infrastructure/email/smtp.go:47.22,49.3 1 1
github.com/trickreport/backend/internal/infrastructure/email/smtp.go:51.2,51.14 1 1
github.com/trickreport/backend/internal/infrastructure/email/smtp.go:51.14,54.17 2 1
github.com/trickreport/backend/internal/infrastructure/email/smtp.go:54.17,56.4 1 1
github.com/trickreport/backend/internal/infrastructure/email/smtp.go:57.3,59.72 2 1
github.com/trickreport/backend/internal/infrastructure/email/smtp.go:59.72,61.4 1 1
github.com/trickreport/backend/internal/infrastructure/email/smtp.go:63.3,63.18 1 0
github.com/trickreport/backend/internal/infrastructure/email/smtp.go:63.18,64.42 1 0
github.com/trickreport/backend/internal/infrastructure/email/smtp.go:64.42,66.5 1 0
github.com/trickreport/backend/internal/infrastructure/email/smtp.go:69.3,69.43 1 0
github.com/trickreport/backend/internal/infrastructure/email/smtp.go:69.43,71.4 1 0
github.com/trickreport/backend/internal/infrastructure/email/smtp.go:72.3,72.39 1 0
github.com/trickreport/backend/internal/infrastructure/email/smtp.go:72.39,74.4 1 0
github.com/trickreport/backend/internal/infrastructure/email/smtp.go:76.3,77.17 2 0
github.com/trickreport/backend/internal/infrastructure/email/smtp.go:77.17,79.4 1 0
github.com/trickreport/backend/internal/infrastructure/email/smtp.go:80.3,80.49 1 0
github.com/trickreport/backend/internal/infrastructure/email/smtp.go:80.49,82.4 1 0
github.com/trickreport/backend/internal/infrastructure/email/smtp.go:83.3,83.35 1 0
github.com/trickreport/backend/internal/infrastructure/email/smtp.go:83.35,85.4 1 0
github.com/trickreport/backend/internal/infrastructure/email/smtp.go:87.3,87.21 1 0
github.com/trickreport/backend/internal/infrastructure/email/smtp.go:91.2,91.69 1 1
github.com/trickreport/backend/internal/infrastructure/realtime/adapter.go:16.45,18.2 1 1
github.com/trickreport/backend/internal/infrastructure/realtime/adapter.go:22.85,24.2 1 1
github.com/trickreport/backend/internal/interfaces/http/server.go:36.79,46.30 5 1
github.com/trickreport/backend/internal/interfaces/http/server.go:46.30,49.3 2 0
github.com/trickreport/backend/internal/interfaces/http/server.go:49.8,52.3 2 1
github.com/trickreport/backend/internal/interfaces/http/server.go:55.2,64.21 6 1
github.com/trickreport/backend/internal/interfaces/http/server.go:64.21,66.3 1 0
github.com/trickreport/backend/internal/interfaces/http/server.go:69.2,106.45 23 1
github.com/trickreport/backend/internal/interfaces/http/server.go:106.45,107.74 1 1
github.com/trickreport/backend/internal/interfaces/http/server.go:107.74,113.26 6 1
github.com/trickreport/backend/internal/interfaces/http/server.go:113.26,116.5 2 1
github.com/trickreport/backend/internal/interfaces/http/server.go:117.4,117.26 1 1
github.com/trickreport/backend/internal/interfaces/http/server.go:122.2,123.45 2 1
github.com/trickreport/backend/internal/interfaces/http/server.go:123.45,124.74 1 1
github.com/trickreport/backend/internal/interfaces/http/server.go:124.74,127.37 3 1
github.com/trickreport/backend/internal/interfaces/http/server.go:127.37,128.20 1 1
github.com/trickreport/backend/internal/interfaces/http/server.go:128.20,130.11 2 1
github.com/trickreport/backend/internal/interfaces/http/server.go:133.4,133.31 1 1
github.com/trickreport/backend/internal/interfaces/http/server.go:133.31,139.5 5 1
github.com/trickreport/backend/internal/interfaces/http/server.go:140.4,140.40 1 1
github.com/trickreport/backend/internal/interfaces/http/server.go:140.40,141.16 1 1
github.com/trickreport/backend/internal/interfaces/http/server.go:141.16,143.6 1 1
github.com/trickreport/backend/internal/interfaces/http/server.go:143.11,145.6 1 1
github.com/trickreport/backend/internal/interfaces/http/server.go:146.5,146.11 1 1
github.com/trickreport/backend/internal/interfaces/http/server.go:148.4,148.26 1 1
github.com/trickreport/backend/internal/interfaces/http/server.go:154.2,154.58 1 1
github.com/trickreport/backend/internal/interfaces/http/server.go:154.58,155.30 1 1
github.com/trickreport/backend/internal/interfaces/http/server.go:155.30,158.4 2 1
github.com/trickreport/backend/internal/interfaces/http/server.go:159.3,159.69 1 1
github.com/trickreport/backend/internal/interfaces/http/server.go:163.2,163.40 1 1
github.com/trickreport/backend/internal/interfaces/http/server.go:163.40,165.39 1 1
github.com/trickreport/backend/internal/interfaces/http/server.go:165.39,169.4 3 1
github.com/trickreport/backend/internal/interfaces/http/server.go:172.3,172.30 1 1
github.com/trickreport/backend/internal/interfaces/http/server.go:172.30,177.62 3 1
github.com/trickreport/backend/internal/interfaces/http/server.go:177.62,181.5 3 0
github.com/trickreport/backend/internal/interfaces/http/server.go:184.4,184.41 1 1
github.com/trickreport/backend/internal/interfaces/http/server.go:184.41,187.42 2 1
github.com/trickreport/backend/internal/interfaces/http/server.go:187.42,193.6 5 1
github.com/trickreport/backend/internal/interfaces/http/server.go:195.5,195.40 1 1
github.com/trickreport/backend/internal/interfaces/http/server.go:195.40,198.6 2 1
github.com/trickreport/backend/internal/interfaces/http/server.go:200.5,200.48 1 1
github.com/trickreport/backend/internal/interfaces/http/server.go:200.48,205.6 4 1
github.com/trickreport/backend/internal/interfaces/http/server.go:207.5,207.46 1 1
github.com/trickreport/backend/internal/interfaces/http/server.go:207.46,213.6 5 1
github.com/trickreport/backend/internal/interfaces/http/server.go:217.4,223.43 3 1
github.com/trickreport/backend/internal/interfaces/http/server.go:223.43,239.5 11 1
github.com/trickreport/backend/internal/interfaces/http/server.go:242.4,242.44 1 1
github.com/trickreport/backend/internal/interfaces/http/server.go:242.44,248.5 5 1
github.com/trickreport/backend/internal/interfaces/http/server.go:253.2,253.64 1 1
github.com/trickreport/backend/internal/interfaces/http/server.go:253.64,257.40 3 1
github.com/trickreport/backend/internal/interfaces/http/server.go:257.40,261.4 3 0
github.com/trickreport/backend/internal/interfaces/http/server.go:262.3,262.69 1 0
github.com/trickreport/backend/internal/interfaces/http/server.go:268.2,268.63 1 1
github.com/trickreport/backend/internal/interfaces/http/server.go:268.63,272.40 3 1
github.com/trickreport/backend/internal/interfaces/http/server.go:272.40,276.4 3 0
github.com/trickreport/backend/internal/interfaces/http/server.go:277.3,277.72 1 0
github.com/trickreport/backend/internal/interfaces/http/server.go:280.2,280.65 1 1
github.com/trickreport/backend/internal/interfaces/http/server.go:285.26,294.12 2 1
github.com/trickreport/backend/internal/interfaces/http/server.go:294.12,296.77 2 1
github.com/trickreport/backend/internal/interfaces/http/server.go:296.77,298.4 1 0
github.com/trickreport/backend/internal/interfaces/http/server.go:301.2,306.50 5 1
github.com/trickreport/backend/internal/interfaces/http/server.go:306.50,308.3 1 0
github.com/trickreport/backend/internal/interfaces/http/server.go:309.2,309.34 1 1
github.com/trickreport/backend/internal/interfaces/http/wire.go:37.42,50.2 1 1
github.com/trickreport/backend/internal/interfaces/http/wire.go:74.13,94.2 5 1
github.com/trickreport/backend/internal/interfaces/http/wire.go:109.48,120.2 1 1
github.com/trickreport/backend/internal/infrastructure/postgres/analytics_repo.go:19.56,21.2 1 1
github.com/trickreport/backend/internal/infrastructure/postgres/analytics_repo.go:27.104,32.89 3 0
github.com/trickreport/backend/internal/infrastructure/postgres/analytics_repo.go:32.89,34.3 1 0
github.com/trickreport/backend/internal/infrastructure/postgres/analytics_repo.go:35.2,35.15 1 0
github.com/trickreport/backend/internal/infrastructure/postgres/analytics_repo.go:39.109,43.16 3 0
github.com/trickreport/backend/internal/infrastructure/postgres/analytics_repo.go:43.16,45.3 1 0
github.com/trickreport/backend/internal/infrastructure/postgres/analytics_repo.go:46.2,49.18 3 0
github.com/trickreport/backend/internal/infrastructure/postgres/analytics_repo.go:49.18,51.54 2 0
github.com/trickreport/backend/internal/infrastructure/postgres/analytics_repo.go:51.54,53.4 1 0
github.com/trickreport/backend/internal/infrastructure/postgres/analytics_repo.go:54.3,54.29 1 0
github.com/trickreport/backend/internal/infrastructure/postgres/analytics_repo.go:56.2,56.35 1 0
github.com/trickreport/backend/internal/infrastructure/postgres/analytics_repo.go:56.35,58.3 1 0
github.com/trickreport/backend/internal/infrastructure/postgres/analytics_repo.go:59.2,59.20 1 0
github.com/trickreport/backend/internal/infrastructure/postgres/analytics_repo.go:63.128,67.16 3 0
github.com/trickreport/backend/internal/infrastructure/postgres/analytics_repo.go:67.16,69.3 1 0
github.com/trickreport/backend/internal/infrastructure/postgres/analytics_repo.go:70.2,73.18 3 0
github.com/trickreport/backend/internal/infrastructure/postgres/analytics_repo.go:73.18,75.56 2 0
github.com/trickreport/backend/internal/infrastructure/postgres/analytics_repo.go:75.56,77.4 1 0
github.com/trickreport/backend/internal/infrastructure/postgres/analytics_repo.go:78.3,78.25 1 0
github.com/trickreport/backend/internal/infrastructure/postgres/analytics_repo.go:80.2,80.35 1 0
github.com/trickreport/backend/internal/infrastructure/postgres/analytics_repo.go:80.35,82.3 1 0
github.com/trickreport/backend/internal/infrastructure/postgres/analytics_repo.go:83.2,83.18 1 0
github.com/trickreport/backend/internal/infrastructure/postgres/analytics_repo.go:87.123,91.16 3 0
github.com/trickreport/backend/internal/infrastructure/postgres/analytics_repo.go:91.16,93.3 1 0
github.com/trickreport/backend/internal/infrastructure/postgres/analytics_repo.go:94.2,97.18 3 0
github.com/trickreport/backend/internal/infrastructure/postgres/analytics_repo.go:97.18,99.61 2 0
github.com/trickreport/backend/internal/infrastructure/postgres/analytics_repo.go:99.61,101.4 1 0
github.com/trickreport/backend/internal/infrastructure/postgres/analytics_repo.go:102.3,102.31 1 0
github.com/trickreport/backend/internal/infrastructure/postgres/analytics_repo.go:104.2,104.35 1 0
github.com/trickreport/backend/internal/infrastructure/postgres/analytics_repo.go:104.35,106.3 1 0
github.com/trickreport/backend/internal/infrastructure/postgres/analytics_repo.go:107.2,107.21 1 0
github.com/trickreport/backend/internal/infrastructure/postgres/article_repo.go:23.52,25.2 1 1
github.com/trickreport/backend/internal/infrastructure/postgres/article_repo.go:33.138,38.24 4 0
github.com/trickreport/backend/internal/infrastructure/postgres/article_repo.go:38.24,40.3 1 0
github.com/trickreport/backend/internal/infrastructure/postgres/article_repo.go:41.2,41.25 1 0
github.com/trickreport/backend/internal/infrastructure/postgres/article_repo.go:41.25,45.3 3 0
github.com/trickreport/backend/internal/infrastructure/postgres/article_repo.go:46.2,49.16 3 0
github.com/trickreport/backend/internal/infrastructure/postgres/article_repo.go:49.16,51.3 1 0
github.com/trickreport/backend/internal/infrastructure/postgres/article_repo.go:52.2,55.18 3 0
github.com/trickreport/backend/internal/infrastructure/postgres/article_repo.go:55.18,57.17 2 0
github.com/trickreport/backend/internal/infrastructure/postgres/article_repo.go:57.17,59.4 1 0
github.com/trickreport/backend/internal/infrastructure/postgres/article_repo.go:60.3,60.34 1 0
github.com/trickreport/backend/internal/infrastructure/postgres/article_repo.go:62.2,62.35 1 0
github.com/trickreport/backend/internal/infrastructure/postgres/article_repo.go:62.35,64.3 1 0
github.com/trickreport/backend/internal/infrastructure/postgres/article_repo.go:65.2,65.22 1 0
github.com/trickreport/backend/internal/infrastructure/postgres/article_repo.go:69.121,71.24 2 0
github.com/trickreport/backend/internal/infrastructure/postgres/article_repo.go:71.24,73.3 1 0
github.com/trickreport/backend/internal/infrastructure/postgres/article_repo.go:75.2,77.16 3 0
github.com/trickreport/backend/internal/infrastructure/postgres/article_repo.go:77.16,79.3 1 0
github.com/trickreport/backend/internal/infrastructure/postgres/article_repo.go:80.2,80.15 1 0
github.com/trickreport/backend/internal/infrastructure/postgres/article_repo.go:84.83,89.53 3 0
github.com/trickreport/backend/internal/infrastructure/postgres/article_repo.go:89.53,91.3 1 0
github.com/trickreport/backend/internal/infrastructure/postgres/article_repo.go:92.2,93.12 2 0
github.com/trickreport/backend/internal/infrastructure/postgres/article_repo.go:97.83,102.53 3 0
github.com/trickreport/backend/internal/infrastructure/postgres/article_repo.go:102.53,103.36 1 0
github.com/trickreport/backend/internal/infrastructure/postgres/article_repo.go:103.36,105.4 1 0
github.com/trickreport/backend/internal/infrastructure/postgres/article_repo.go:106.3,106.52 1 0
github.com/trickreport/backend/internal/infrastructure/postgres/article_repo.go:108.2,109.12 2 0
github.com/trickreport/backend/internal/infrastructure/postgres/article_repo.go:113.81,117.16 3 0
github.com/trickreport/backend/internal/infrastructure/postgres/article_repo.go:117.16,119.3 1 0
github.com/trickreport/backend/internal/infrastructure/postgres/article_repo.go:120.2,120.28 1 0
github.com/trickreport/backend/internal/infrastructure/postgres/article_repo.go:120.28,122.3 1 0
github.com/trickreport/backend/internal/infrastructure/postgres/article_repo.go:123.2,123.12 1 0
github.com/trickreport/backend/internal/infrastructure/postgres/article_repo.go:127.63,130.157 3 1
github.com/trickreport/backend/internal/infrastructure/postgres/article_repo.go:130.157,131.36 1 1
github.com/trickreport/backend/internal/infrastructure/postgres/article_repo.go:131.36,133.4 1 1
github.com/trickreport/backend/internal/infrastructure/postgres/article_repo.go:134.3,134.56 1 1
github.com/trickreport/backend/internal/infrastructure/postgres/article_repo.go:136.2,139.16 4 1
github.com/trickreport/backend/internal/infrastructure/postgres/article_repo.go:143.66,145.2 1 1
github.com/trickreport/backend/internal/infrastructure/postgres/attachment_repo.go:23.58,25.2 1 1
github.com/trickreport/backend/internal/infrastructure/postgres/attachment_repo.go:31.127,39.37 4 0
github.com/trickreport/backend/internal/infrastructure/postgres/attachment_repo.go:39.37,41.3 1 0
github.com/trickreport/backend/internal/infrastructure/postgres/attachment_repo.go:43.2,51.8 1 0
github.com/trickreport/backend/internal/infrastructure/postgres/attachment_repo.go:55.107,63.16 3 0
github.com/trickreport/backend/internal/infrastructure/postgres/attachment_repo.go:63.16,65.3 1 0
github.com/trickreport/backend/internal/infrastructure/postgres/attachment_repo.go:66.2,69.18 3 0
github.com/trickreport/backend/internal/infrastructure/postgres/attachment_repo.go:69.18,72.132 3 0
github.com/trickreport/backend/internal/infrastructure/postgres/attachment_repo.go:72.132,74.4 1 0
github.com/trickreport/backend/internal/infrastructure/postgres/attachment_repo.go:75.3,78.39 4 0
github.com/trickreport/backend/internal/infrastructure/postgres/attachment_repo.go:80.2,80.35 1 0
github.com/trickreport/backend/internal/infrastructure/postgres/attachment_repo.go:80.35,82.3 1 0
github.com/trickreport/backend/internal/infrastructure/postgres/attachment_repo.go:83.2,83.25 1 0
github.com/trickreport/backend/internal/infrastructure/postgres/attachment_repo.go:87.121,96.16 6 0
github.com/trickreport/backend/internal/infrastructure/postgres/attachment_repo.go:96.16,97.36 1 0
github.com/trickreport/backend/internal/infrastructure/postgres/attachment_repo.go:97.36,99.4 1 0
github.com/trickreport/backend/internal/infrastructure/postgres/attachment_repo.go:100.3,100.66 1 0
github.com/trickreport/backend/internal/infrastructure/postgres/attachment_repo.go:102.2,105.26 4 0
github.com/trickreport/backend/internal/infrastructure/postgres/automation_executor.go:23.66,28.2 1 1
github.com/trickreport/backend/internal/infrastructure/postgres/automation_executor.go:31.81,34.2 2 1
github.com/trickreport/backend/internal/infrastructure/postgres/automation_executor.go:40.124,45.123 4 0
github.com/trickreport/backend/internal/infrastructure/postgres/automation_executor.go:45.123,47.3 1 0
github.com/trickreport/backend/internal/infrastructure/postgres/automation_executor.go:48.2,49.16 2 0
github.com/trickreport/backend/internal/infrastructure/postgres/automation_executor.go:53.116,55.16 2 0
github.com/trickreport/backend/internal/infrastructure/postgres/automation_executor.go:55.16,57.3 1 0
github.com/trickreport/backend/internal/infrastructure/postgres/automation_executor.go:58.2,61.145 3 0
github.com/trickreport/backend/internal/infrastructure/postgres/automation_executor.go:61.145,63.3 1 0
github.com/trickreport/backend/internal/infrastructure/postgres/automation_executor.go:65.2,65.159 1 0
github.com/trickreport/backend/internal/infrastructure/postgres/automation_executor.go:65.159,67.3 1 0
github.com/trickreport/backend/internal/infrastructure/postgres/automation_executor.go:69.2,69.205 1 0
github.com/trickreport/backend/internal/infrastructure/postgres/automation_executor.go:69.205,71.3 1 0
github.com/trickreport/backend/internal/infrastructure/postgres/automation_executor.go:73.2,73.39 1 0
github.com/trickreport/backend/internal/infrastructure/postgres/automation_executor.go:73.39,75.3 1 0
github.com/trickreport/backend/internal/infrastructure/postgres/automation_executor.go:76.2,76.12 1 0
github.com/trickreport/backend/internal/infrastructure/postgres/automation_executor.go:80.112,82.16 2 0
github.com/trickreport/backend/internal/infrastructure/postgres/automation_executor.go:82.16,84.3 1 0
github.com/trickreport/backend/internal/infrastructure/postgres/automation_executor.go:85.2,88.141 3 0
github.com/trickreport/backend/internal/infrastructure/postgres/automation_executor.go:88.141,90.3 1 0
github.com/trickreport/backend/internal/infrastructure/postgres/automation_executor.go:92.2,92.155 1 0
github.com/trickreport/backend/internal/infrastructure/postgres/automation_executor.go:92.155,94.3 1 0
github.com/trickreport/backend/internal/infrastructure/postgres/automation_executor.go:96.2,96.199 1 0
github.com/trickreport/backend/internal/infrastructure/postgres/automation_executor.go:96.199,98.3 1 0
github.com/trickreport/backend/internal/infrastructure/postgres/automation_executor.go:100.2,100.39 1 0
github.com/trickreport/backend/internal/infrastructure/postgres/automation_executor.go:100.39,102.3 1 0
github.com/trickreport/backend/internal/infrastructure/postgres/automation_executor.go:103.2,103.12 1 0
github.com/trickreport/backend/internal/infrastructure/postgres/automation_executor.go:107.104,109.16 2 0
github.com/trickreport/backend/internal/infrastructure/postgres/automation_executor.go:109.16,111.3 1 0
github.com/trickreport/backend/internal/infrastructure/postgres/automation_executor.go:112.2,115.152 3 0
github.com/trickreport/backend/internal/infrastructure/postgres/automation_executor.go:115.152,117.3 1 0
github.com/trickreport/backend/internal/infrastructure/postgres/automation_executor.go:119.2,119.160 1 0
github.com/trickreport/backend/internal/infrastructure/postgres/automation_executor.go:119.160,121.3 1 0
github.com/trickreport/backend/internal/infrastructure/postgres/automation_executor.go:123.2,124.27 2 0
github.com/trickreport/backend/internal/infrastructure/postgres/automation_executor.go:124.27,126.3 1 0
github.com/trickreport/backend/internal/infrastructure/postgres/automation_executor.go:127.2,127.210 1 0
github.com/trickreport/backend/internal/infrastructure/postgres/automation_executor.go:127.210,129.3 1 0
github.com/trickreport/backend/internal/infrastructure/postgres/automation_executor.go:131.2,131.39 1 0
github.com/trickreport/backend/internal/infrastructure/postgres/automation_executor.go:131.39,133.3 1 0
github.com/trickreport/backend/internal/infrastructure/postgres/automation_executor.go:134.2,134.12 1 0
github.com/trickreport/backend/internal/infrastructure/postgres/automation_executor.go:138.131,140.92 2 0
github.com/trickreport/backend/internal/infrastructure/postgres/automation_executor.go:140.92,142.3 1 0
github.com/trickreport/backend/internal/infrastructure/postgres/automation_executor.go:143.2,143.12 1 0
github.com/trickreport/backend/internal/infrastructure/postgres/automation_executor.go:148.106,154.2 2 0
github.com/trickreport/backend/internal/infrastructure/postgres/helpers.go:8.40,9.14 1 1
github.com/trickreport/backend/internal/infrastructure/postgres/helpers.go:9.14,11.3 1 1
github.com/trickreport/backend/internal/infrastructure/postgres/helpers.go:12.2,12.27 1 1
github.com/trickreport/backend/internal/infrastructure/postgres/helpers.go:15.44,16.14 1 1
github.com/trickreport/backend/internal/infrastructure/postgres/helpers.go:16.14,18.3 1 1
github.com/trickreport/backend/internal/infrastructure/postgres/helpers.go:19.2,20.12 2 1
github.com/trickreport/backend/internal/infrastructure/postgres/sla_automation_repo.go:29.44,31.2 1 1
github.com/trickreport/backend/internal/infrastructure/postgres/sla_automation_repo.go:37.93,41.16 3 0
github.com/trickreport/backend/internal/infrastructure/postgres/sla_automation_repo.go:41.16,43.3 1 0
github.com/trickreport/backend/internal/infrastructure/postgres/sla_automation_repo.go:44.2,47.18 3 0
github.com/trickreport/backend/internal/infrastructure/postgres/sla_automation_repo.go:47.18,50.159 3 0
github.com/trickreport/backend/internal/infrastructure/postgres/sla_automation_repo.go:50.159,52.4 1 0
github.com/trickreport/backend/internal/infrastructure/postgres/sla_automation_repo.go:53.3,55.33 3 0
github.com/trickreport/backend/internal/infrastructure/postgres/sla_automation_repo.go:57.2,57.35 1 0
github.com/trickreport/backend/internal/infrastructure/postgres/sla_automation_repo.go:57.35,59.3 1 0
github.com/trickreport/backend/internal/infrastructure/postgres/sla_automation_repo.go:60.2,60.22 1 0
github.com/trickreport/backend/internal/infrastructure/postgres/sla_automation_repo.go:64.74,69.53 3 0
github.com/trickreport/backend/internal/infrastructure/postgres/sla_automation_repo.go:69.53,71.3 1 0
github.com/trickreport/backend/internal/infrastructure/postgres/sla_automation_repo.go:72.2,73.12 2 0
github.com/trickreport/backend/internal/infrastructure/postgres/sla_automation_repo.go:86.58,88.2 1 1
github.com/trickreport/backend/internal/infrastructure/postgres/sla_automation_repo.go:91.45,93.2 1 1
github.com/trickreport/backend/internal/infrastructure/postgres/sla_automation_repo.go:99.105,103.16 3 0
github.com/trickreport/backend/internal/infrastructure/postgres/sla_automation_repo.go:103.16,105.3 1 0
github.com/trickreport/backend/internal/infrastructure/postgres/sla_automation_repo.go:106.2,109.18 3 0
github.com/trickreport/backend/internal/infrastructure/postgres/sla_automation_repo.go:109.18,111.17 2 0
github.com/trickreport/backend/internal/infrastructure/postgres/sla_automation_repo.go:111.17,113.4 1 0
github.com/trickreport/backend/internal/infrastructure/postgres/sla_automation_repo.go:114.3,114.29 1 0
github.com/trickreport/backend/internal/infrastructure/postgres/sla_automation_repo.go:116.2,116.35 1 0
github.com/trickreport/backend/internal/infrastructure/postgres/sla_automation_repo.go:116.35,118.3 1 0
github.com/trickreport/backend/internal/infrastructure/postgres/sla_automation_repo.go:119.2,119.19 1 0
github.com/trickreport/backend/internal/infrastructure/postgres/sla_automation_repo.go:123.87,128.55 3 0
github.com/trickreport/backend/internal/infrastructure/postgres/sla_automation_repo.go:128.55,130.3 1 0
github.com/trickreport/backend/internal/infrastructure/postgres/sla_automation_repo.go:131.2,132.12 2 0
github.com/trickreport/backend/internal/infrastructure/postgres/sla_automation_repo.go:136.87,141.55 3 0
github.com/trickreport/backend/internal/infrastructure/postgres/sla_automation_repo.go:141.55,142.36 1 0
github.com/trickreport/backend/internal/infrastructure/postgres/sla_automation_repo.go:142.36,144.4 1 0
github.com/trickreport/backend/internal/infrastructure/postgres/sla_automation_repo.go:145.3,145.55 1 0
github.com/trickreport/backend/internal/infrastructure/postgres/sla_automation_repo.go:147.2,148.12 2 0
github.com/trickreport/backend/internal/infrastructure/postgres/sla_automation_repo.go:152.84,156.16 3 0
github.com/trickreport/backend/internal/infrastructure/postgres/sla_automation_repo.go:156.16,158.3 1 0
github.com/trickreport/backend/internal/infrastructure/postgres/sla_automation_repo.go:159.2,159.28 1 0
github.com/trickreport/backend/internal/infrastructure/postgres/sla_automation_repo.go:159.28,161.3 1 0
github.com/trickreport/backend/internal/infrastructure/postgres/sla_automation_repo.go:162.2,162.12 1 0
github.com/trickreport/backend/internal/infrastructure/postgres/sla_automation_repo.go:166.60,169.161 3 1
github.com/trickreport/backend/internal/infrastructure/postgres/sla_automation_repo.go:169.161,170.36 1 1
github.com/trickreport/backend/internal/infrastructure/postgres/sla_automation_repo.go:170.36,172.4 1 1
github.com/trickreport/backend/internal/infrastructure/postgres/sla_automation_repo.go:173.3,173.59 1 1
github.com/trickreport/backend/internal/infrastructure/postgres/sla_automation_repo.go:175.2,177.17 3 1
github.com/trickreport/backend/internal/infrastructure/postgres/tenant_resolver.go:21.58,23.2 1 1
github.com/trickreport/backend/internal/infrastructure/postgres/tenant_resolver.go:27.91,30.16 3 0
github.com/trickreport/backend/internal/infrastructure/postgres/tenant_resolver.go:30.16,31.36 1 0
github.com/trickreport/backend/internal/infrastructure/postgres/tenant_resolver.go:31.36,33.4 1 0
github.com/trickreport/backend/internal/infrastructure/postgres/tenant_resolver.go:34.3,34.67 1 0
github.com/trickreport/backend/internal/infrastructure/postgres/tenant_resolver.go:36.2,36.26 1 0
github.com/trickreport/backend/internal/infrastructure/postgres/ticket_repo.go:23.50,25.2 1 1
github.com/trickreport/backend/internal/infrastructure/postgres/ticket_repo.go:27.155,41.24 3 0
github.com/trickreport/backend/internal/infrastructure/postgres/ticket_repo.go:41.24,43.3 1 0
github.com/trickreport/backend/internal/infrastructure/postgres/ticket_repo.go:44.2,44.25 1 0
github.com/trickreport/backend/internal/infrastructure/postgres/ticket_repo.go:44.25,46.3 1 0
github.com/trickreport/backend/internal/infrastructure/postgres/ticket_repo.go:47.2,47.27 1 0
github.com/trickreport/backend/internal/infrastructure/postgres/ticket_repo.go:47.27,49.3 1 0
github.com/trickreport/backend/internal/infrastructure/postgres/ticket_repo.go:50.2,50.29 1 0
github.com/trickreport/backend/internal/infrastructure/postgres/ticket_repo.go:50.29,52.3 1 0
github.com/trickreport/backend/internal/infrastructure/postgres/ticket_repo.go:53.2,53.25 1 0
github.com/trickreport/backend/internal/infrastructure/postgres/ticket_repo.go:53.25,55.3 1 0
github.com/trickreport/backend/internal/infrastructure/postgres/ticket_repo.go:56.2,56.22 1 0
github.com/trickreport/backend/internal/infrastructure/postgres/ticket_repo.go:56.22,58.3 1 0
github.com/trickreport/backend/internal/infrastructure/postgres/ticket_repo.go:59.2,59.23 1 0
github.com/trickreport/backend/internal/infrastructure/postgres/ticket_repo.go:59.23,61.3 1 0
github.com/trickreport/backend/internal/infrastructure/postgres/ticket_repo.go:63.2,64.16 2 0
github.com/trickreport/backend/internal/infrastructure/postgres/ticket_repo.go:64.16,66.3 1 0
github.com/trickreport/backend/internal/infrastructure/postgres/ticket_repo.go:68.2,69.16 2 0
github.com/trickreport/backend/internal/infrastructure/postgres/ticket_repo.go:69.16,71.3 1 0
github.com/trickreport/backend/internal/infrastructure/postgres/ticket_repo.go:72.2,75.18 3 0
github.com/trickreport/backend/internal/infrastructure/postgres/ticket_repo.go:75.18,83.17 4 0
github.com/trickreport/backend/internal/infrastructure/postgres/ticket_repo.go:83.17,85.4 1 0
github.com/trickreport/backend/internal/infrastructure/postgres/ticket_repo.go:86.3,90.31 5 0
github.com/trickreport/backend/internal/infrastructure/postgres/ticket_repo.go:93.2,93.21 1 0
github.com/trickreport/backend/internal/infrastructure/postgres/ticket_repo.go:96.105,114.16 6 0
github.com/trickreport/backend/internal/infrastructure/postgres/ticket_repo.go:114.16,115.36 1 0
github.com/trickreport/backend/internal/infrastructure/postgres/ticket_repo.go:115.36,117.4 1 0
github.com/trickreport/backend/internal/infrastructure/postgres/ticket_repo.go:118.3,118.58 1 0
github.com/trickreport/backend/internal/infrastructure/postgres/ticket_repo.go:120.2,124.16 5 0
github.com/trickreport/backend/internal/infrastructure/postgres/ticket_repo.go:127.80,136.16 4 0
github.com/trickreport/backend/internal/infrastructure/postgres/ticket_repo.go:136.16,138.3 1 0
github.com/trickreport/backend/internal/infrastructure/postgres/ticket_repo.go:139.2,140.12 2 0
github.com/trickreport/backend/internal/infrastructure/postgres/ticket_repo.go:143.156,145.16 2 0
github.com/trickreport/backend/internal/infrastructure/postgres/ticket_repo.go:145.16,147.3 1 0
github.com/trickreport/backend/internal/infrastructure/postgres/ticket_repo.go:148.2,151.16 3 0
github.com/trickreport/backend/internal/infrastructure/postgres/ticket_repo.go:151.16,153.3 1 0
github.com/trickreport/backend/internal/infrastructure/postgres/ticket_repo.go:155.2,156.16 2 0
github.com/trickreport/backend/internal/infrastructure/postgres/ticket_repo.go:156.16,158.3 1 0
github.com/trickreport/backend/internal/infrastructure/postgres/ticket_repo.go:160.2,160.39 1 0
github.com/trickreport/backend/internal/infrastructure/postgres/ticket_repo.go:160.39,162.3 1 0
github.com/trickreport/backend/internal/infrastructure/postgres/ticket_repo.go:164.2,164.37 1 0
github.com/trickreport/backend/internal/infrastructure/postgres/ticket_repo.go:167.100,169.16 2 0
github.com/trickreport/backend/internal/infrastructure/postgres/ticket_repo.go:169.16,171.3 1 0
github.com/trickreport/backend/internal/infrastructure/postgres/ticket_repo.go:172.2,176.16 4 0
github.com/trickreport/backend/internal/infrastructure/postgres/ticket_repo.go:176.16,177.36 1 0
github.com/trickreport/backend/internal/infrastructure/postgres/ticket_repo.go:177.36,179.4 1 0
github.com/trickreport/backend/internal/infrastructure/postgres/ticket_repo.go:180.3,180.55 1 0
github.com/trickreport/backend/internal/infrastructure/postgres/ticket_repo.go:183.2,184.16 2 0
github.com/trickreport/backend/internal/infrastructure/postgres/ticket_repo.go:184.16,186.3 1 0
github.com/trickreport/backend/internal/infrastructure/postgres/ticket_repo.go:188.2,189.27 2 0
github.com/trickreport/backend/internal/infrastructure/postgres/ticket_repo.go:189.27,191.3 1 0
github.com/trickreport/backend/internal/infrastructure/postgres/ticket_repo.go:192.2,193.22 2 0
github.com/trickreport/backend/internal/infrastructure/postgres/ticket_repo.go:193.22,195.17 2 0
github.com/trickreport/backend/internal/infrastructure/postgres/ticket_repo.go:195.17,197.4 1 0
github.com/trickreport/backend/internal/infrastructure/postgres/ticket_repo.go:200.2,200.39 1 0
github.com/trickreport/backend/internal/infrastructure/postgres/ticket_repo.go:200.39,202.3 1 0
github.com/trickreport/backend/internal/infrastructure/postgres/ticket_repo.go:203.2,203.12 1 0
github.com/trickreport/backend/internal/infrastructure/postgres/ticket_repo.go:206.97,209.16 3 0
github.com/trickreport/backend/internal/infrastructure/postgres/ticket_repo.go:209.16,210.36 1 0
github.com/trickreport/backend/internal/infrastructure/postgres/ticket_repo.go:210.36,212.4 1 0
github.com/trickreport/backend/internal/infrastructure/postgres/ticket_repo.go:213.3,213.71 1 0
github.com/trickreport/backend/internal/infrastructure/postgres/ticket_repo.go:215.2,215.33 1 0
github.com/trickreport/backend/internal/infrastructure/postgres/ticket_repo.go:223.52,225.2 1 1
github.com/trickreport/backend/internal/infrastructure/postgres/ticket_repo.go:227.114,235.24 3 0
github.com/trickreport/backend/internal/infrastructure/postgres/ticket_repo.go:235.24,237.3 1 0
github.com/trickreport/backend/internal/infrastructure/postgres/ticket_repo.go:238.2,241.16 3 0
github.com/trickreport/backend/internal/infrastructure/postgres/ticket_repo.go:241.16,243.3 1 0
github.com/trickreport/backend/internal/infrastructure/postgres/ticket_repo.go:244.2,247.18 3 0
github.com/trickreport/backend/internal/infrastructure/postgres/ticket_repo.go:247.18,250.117 3 0
github.com/trickreport/backend/internal/infrastructure/postgres/ticket_repo.go:250.117,252.4 1 0
github.com/trickreport/backend/internal/infrastructure/postgres/ticket_repo.go:253.3,256.33 4 0
github.com/trickreport/backend/internal/infrastructure/postgres/ticket_repo.go:258.2,258.22 1 0
github.com/trickreport/backend/internal/infrastructure/postgres/ticket_repo.go:261.82,269.16 4 0
github.com/trickreport/backend/internal/infrastructure/postgres/ticket_repo.go:269.16,271.3 1 0
github.com/trickreport/backend/internal/infrastructure/postgres/ticket_repo.go:272.2,276.12 3 0
github.com/trickreport/backend/internal/infrastructure/postgres/ticket_repo.go:284.52,286.2 1 1
github.com/trickreport/backend/internal/infrastructure/postgres/ticket_repo.go:288.106,297.16 3 0
github.com/trickreport/backend/internal/infrastructure/postgres/ticket_repo.go:297.16,299.3 1 0
github.com/trickreport/backend/internal/infrastructure/postgres/ticket_repo.go:300.2,303.18 3 0
github.com/trickreport/backend/internal/infrastructure/postgres/ticket_repo.go:303.18,306.126 3 0
github.com/trickreport/backend/internal/infrastructure/postgres/ticket_repo.go:306.126,308.4 1 0
github.com/trickreport/backend/internal/infrastructure/postgres/ticket_repo.go:309.3,312.31 4 0
github.com/trickreport/backend/internal/infrastructure/postgres/ticket_repo.go:314.2,314.21 1 0
github.com/trickreport/backend/internal/infrastructure/postgres/user_repo.go:30.46,32.2 1 1
github.com/trickreport/backend/internal/infrastructure/postgres/user_repo.go:41.93,45.16 3 0
github.com/trickreport/backend/internal/infrastructure/postgres/user_repo.go:45.16,47.3 1 0
github.com/trickreport/backend/internal/infrastructure/postgres/user_repo.go:48.2,51.18 3 0
github.com/trickreport/backend/internal/infrastructure/postgres/user_repo.go:51.18,55.111 4 0
github.com/trickreport/backend/internal/infrastructure/postgres/user_repo.go:55.111,57.4 1 0
github.com/trickreport/backend/internal/infrastructure/postgres/user_repo.go:58.3,61.27 4 0
github.com/trickreport/backend/internal/infrastructure/postgres/user_repo.go:63.2,63.35 1 0
github.com/trickreport/backend/internal/infrastructure/postgres/user_repo.go:63.35,65.3 1 0
github.com/trickreport/backend/internal/infrastructure/postgres/user_repo.go:66.2,66.19 1 0
github.com/trickreport/backend/internal/infrastructure/postgres/user_repo.go:70.99,74.2 2 0
github.com/trickreport/backend/internal/infrastructure/postgres/user_repo.go:77.97,81.2 2 0
github.com/trickreport/backend/internal/infrastructure/postgres/user_repo.go:84.92,88.2 2 0
github.com/trickreport/backend/internal/infrastructure/postgres/user_repo.go:91.95,95.24 3 0
github.com/trickreport/backend/internal/infrastructure/postgres/user_repo.go:95.24,97.3 1 0
github.com/trickreport/backend/internal/infrastructure/postgres/user_repo.go:97.8,99.3 1 0
github.com/trickreport/backend/internal/infrastructure/postgres/user_repo.go:101.2,103.53 2 0
github.com/trickreport/backend/internal/infrastructure/postgres/user_repo.go:103.53,105.3 1 0
github.com/trickreport/backend/internal/infrastructure/postgres/user_repo.go:106.2,107.12 2 0
github.com/trickreport/backend/internal/infrastructure/postgres/user_repo.go:111.124,115.24 3 0
github.com/trickreport/backend/internal/infrastructure/postgres/user_repo.go:115.24,118.3 2 0
github.com/trickreport/backend/internal/infrastructure/postgres/user_repo.go:120.2,125.16 5 0
github.com/trickreport/backend/internal/infrastructure/postgres/user_repo.go:125.16,126.36 1 0
github.com/trickreport/backend/internal/infrastructure/postgres/user_repo.go:126.36,128.4 1 0
github.com/trickreport/backend/internal/infrastructure/postgres/user_repo.go:129.3,129.54 1 0
github.com/trickreport/backend/internal/infrastructure/postgres/user_repo.go:131.2,134.16 4 0
github.com/trickreport/backend/internal/infrastructure/postgres/user_repo.go:138.82,142.16 3 0
github.com/trickreport/backend/internal/infrastructure/postgres/user_repo.go:142.16,144.3 1 0
github.com/trickreport/backend/internal/infrastructure/postgres/user_repo.go:145.2,145.28 1 0
github.com/trickreport/backend/internal/infrastructure/postgres/user_repo.go:145.28,147.3 1 0
github.com/trickreport/backend/internal/infrastructure/postgres/user_repo.go:148.2,148.12 1 0
github.com/trickreport/backend/internal/infrastructure/postgres/user_repo.go:152.103,158.16 5 0
github.com/trickreport/backend/internal/infrastructure/postgres/user_repo.go:158.16,159.36 1 0
github.com/trickreport/backend/internal/infrastructure/postgres/user_repo.go:159.36,161.4 1 0
github.com/trickreport/backend/internal/infrastructure/postgres/user_repo.go:162.3,162.53 1 0
github.com/trickreport/backend/internal/infrastructure/postgres/user_repo.go:164.2,167.16 4 0
github.com/trickreport/backend/internal/interfaces/http/response/response.go:9.56,12.17 3 1
github.com/trickreport/backend/internal/interfaces/http/response/response.go:12.17,14.3 1 1
github.com/trickreport/backend/internal/interfaces/http/response/response.go:18.59,20.2 1 1
github.com/trickreport/backend/internal/interfaces/http/response/response.go:23.39,25.2 1 1
github.com/trickreport/backend/internal/interfaces/http/middleware/logging.go:22.61,23.57 1 1
github.com/trickreport/backend/internal/interfaces/http/middleware/logging.go:23.57,25.3 1 1
github.com/trickreport/backend/internal/interfaces/http/middleware/logging.go:26.2,26.20 1 1
github.com/trickreport/backend/internal/interfaces/http/middleware/logging.go:30.79,32.2 1 1
github.com/trickreport/backend/internal/interfaces/http/middleware/logging.go:42.48,43.19 1 1
github.com/trickreport/backend/internal/interfaces/http/middleware/logging.go:43.19,45.3 1 1
github.com/trickreport/backend/internal/interfaces/http/middleware/logging.go:46.2,48.36 3 1
github.com/trickreport/backend/internal/interfaces/http/middleware/logging.go:51.55,52.20 1 1
github.com/trickreport/backend/internal/interfaces/http/middleware/logging.go:52.20,55.3 2 1
github.com/trickreport/backend/internal/interfaces/http/middleware/logging.go:56.2,56.34 1 1
github.com/trickreport/backend/internal/interfaces/http/middleware/logging.go:67.52,68.71 1 1
github.com/trickreport/backend/internal/interfaces/http/middleware/logging.go:68.71,85.3 7 1
github.com/trickreport/backend/internal/interfaces/http/middleware/middleware.go:24.82,26.2 1 1
github.com/trickreport/backend/internal/interfaces/http/middleware/middleware.go:29.66,32.2 2 1
github.com/trickreport/backend/internal/interfaces/http/middleware/middleware.go:36.55,37.51 1 1
github.com/trickreport/backend/internal/interfaces/http/middleware/middleware.go:37.51,39.3 1 1
github.com/trickreport/backend/internal/interfaces/http/middleware/middleware.go:40.2,40.17 1 1
github.com/trickreport/backend/internal/interfaces/http/middleware/middleware.go:44.81,45.46 1 1
github.com/trickreport/backend/internal/interfaces/http/middleware/middleware.go:45.46,46.72 1 1
github.com/trickreport/backend/internal/interfaces/http/middleware/middleware.go:46.72,48.19 2 1
github.com/trickreport/backend/internal/interfaces/http/middleware/middleware.go:48.19,51.5 2 1
github.com/trickreport/backend/internal/interfaces/http/middleware/middleware.go:53.4,54.18 2 1
github.com/trickreport/backend/internal/interfaces/http/middleware/middleware.go:54.18,57.5 2 1
github.com/trickreport/backend/internal/interfaces/http/middleware/middleware.go:59.4,60.41 2 1
github.com/trickreport/backend/internal/interfaces/http/middleware/middleware.go:66.67,68.26 2 1
github.com/trickreport/backend/internal/interfaces/http/middleware/middleware.go:68.26,70.3 1 1
github.com/trickreport/backend/internal/interfaces/http/middleware/middleware.go:72.2,72.46 1 1
github.com/trickreport/backend/internal/interfaces/http/middleware/middleware.go:72.46,73.72 1 1
github.com/trickreport/backend/internal/interfaces/http/middleware/middleware.go:73.72,75.11 2 1
github.com/trickreport/backend/internal/interfaces/http/middleware/middleware.go:75.11,78.5 2 1
github.com/trickreport/backend/internal/interfaces/http/middleware/middleware.go:80.4,80.29 1 1
github.com/trickreport/backend/internal/interfaces/http/middleware/middleware.go:80.29,83.5 2 1
github.com/trickreport/backend/internal/interfaces/http/middleware/middleware.go:85.4,85.24 1 1
github.com/trickreport/backend/internal/interfaces/http/middleware/middleware.go:93.70,94.46 1 1
github.com/trickreport/backend/internal/interfaces/http/middleware/middleware.go:94.46,95.72 1 1
github.com/trickreport/backend/internal/interfaces/http/middleware/middleware.go:95.72,98.22 2 1
github.com/trickreport/backend/internal/interfaces/http/middleware/middleware.go:98.22,101.65 3 1
github.com/trickreport/backend/internal/interfaces/http/middleware/middleware.go:101.65,103.6 1 1
github.com/trickreport/backend/internal/interfaces/http/middleware/middleware.go:106.4,106.22 1 1
github.com/trickreport/backend/internal/interfaces/http/middleware/middleware.go:106.22,109.5 2 1
github.com/trickreport/backend/internal/interfaces/http/middleware/middleware.go:111.4,112.18 2 1
github.com/trickreport/backend/internal/interfaces/http/middleware/middleware.go:112.18,115.5 2 1
github.com/trickreport/backend/internal/interfaces/http/middleware/middleware.go:117.4,118.41 2 1
github.com/trickreport/backend/internal/interfaces/http/middleware/middleware.go:123.43,124.73 1 1
github.com/trickreport/backend/internal/interfaces/http/middleware/middleware.go:124.73,126.3 1 1
github.com/trickreport/backend/internal/interfaces/http/middleware/middleware.go:127.2,127.57 1 1
github.com/trickreport/backend/internal/interfaces/http/middleware/middleware.go:127.57,129.3 1 1
github.com/trickreport/backend/internal/interfaces/http/middleware/middleware.go:130.2,130.11 1 1
github.com/trickreport/backend/internal/interfaces/http/middleware/ratelimit.go:36.36,38.2 1 1
github.com/trickreport/backend/internal/interfaces/http/middleware/ratelimit.go:40.86,43.35 2 1
github.com/trickreport/backend/internal/interfaces/http/middleware/ratelimit.go:43.35,47.3 3 1
github.com/trickreport/backend/internal/interfaces/http/middleware/ratelimit.go:48.2,54.35 4 1
github.com/trickreport/backend/internal/interfaces/http/middleware/ratelimit.go:54.35,57.3 2 0
github.com/trickreport/backend/internal/interfaces/http/middleware/ratelimit.go:58.2,61.20 4 1
github.com/trickreport/backend/internal/interfaces/http/middleware/ratelimit.go:64.41,66.35 2 1
github.com/trickreport/backend/internal/interfaces/http/middleware/ratelimit.go:66.35,68.3 1 1
github.com/trickreport/backend/internal/interfaces/http/middleware/ratelimit.go:69.2,69.16 1 1
github.com/trickreport/backend/internal/interfaces/http/middleware/ratelimit.go:72.53,75.34 3 1
github.com/trickreport/backend/internal/interfaces/http/middleware/ratelimit.go:75.34,77.29 2 1
github.com/trickreport/backend/internal/interfaces/http/middleware/ratelimit.go:77.29,79.4 1 1
github.com/trickreport/backend/internal/interfaces/http/middleware/ratelimit.go:81.2,81.15 1 1
github.com/trickreport/backend/internal/interfaces/http/middleware/ratelimit.go:94.81,101.2 1 1
github.com/trickreport/backend/internal/interfaces/http/middleware/ratelimit.go:104.103,111.2 1 1
github.com/trickreport/backend/internal/interfaces/http/middleware/ratelimit.go:113.34,116.21 3 1
github.com/trickreport/backend/internal/interfaces/http/middleware/ratelimit.go:116.21,118.3 1 1
github.com/trickreport/backend/internal/interfaces/http/middleware/ratelimit.go:122.39,123.53 1 1
github.com/trickreport/backend/internal/interfaces/http/middleware/ratelimit.go:123.53,124.56 1 1
github.com/trickreport/backend/internal/interfaces/http/middleware/ratelimit.go:124.56,126.4 1 1
github.com/trickreport/backend/internal/interfaces/http/middleware/ratelimit.go:127.3,127.12 1 1
github.com/trickreport/backend/internal/interfaces/http/middleware/ratelimit.go:129.2,130.16 2 1
github.com/trickreport/backend/internal/interfaces/http/middleware/ratelimit.go:130.16,132.3 1 1
github.com/trickreport/backend/internal/interfaces/http/middleware/ratelimit.go:133.2,133.21 1 1
github.com/trickreport/backend/internal/interfaces/http/middleware/ratelimit.go:137.66,138.71 1 1
github.com/trickreport/backend/internal/interfaces/http/middleware/ratelimit.go:138.71,140.60 2 1
github.com/trickreport/backend/internal/interfaces/http/middleware/ratelimit.go:140.60,143.4 2 1
github.com/trickreport/backend/internal/interfaces/http/middleware/ratelimit.go:144.3,144.23 1 1
github.com/trickreport/backend/internal/interfaces/http/middleware/ratelimit.go:150.68,151.71 1 1
github.com/trickreport/backend/internal/interfaces/http/middleware/ratelimit.go:151.71,153.84 2 1
github.com/trickreport/backend/internal/interfaces/http/middleware/ratelimit.go:153.84,155.4 1 1
github.com/trickreport/backend/internal/interfaces/http/middleware/ratelimit.go:156.3,156.60 1 1
github.com/trickreport/backend/internal/interfaces/http/middleware/ratelimit.go:156.60,159.4 2 1
github.com/trickreport/backend/internal/interfaces/http/middleware/ratelimit.go:160.3,160.23 1 1
github.com/trickreport/backend/internal/interfaces/http/middleware/ratelimit.go:165.32,167.2 1 1
github.com/trickreport/backend/internal/interfaces/http/handler/analytics.go:15.71,17.2 1 1
github.com/trickreport/backend/internal/interfaces/http/handler/analytics.go:19.79,23.16 3 1
github.com/trickreport/backend/internal/interfaces/http/handler/analytics.go:23.16,27.3 3 1
github.com/trickreport/backend/internal/interfaces/http/handler/analytics.go:29.2,29.42 1 1
github.com/trickreport/backend/internal/interfaces/http/handler/analytics.go:32.78,36.16 3 1
github.com/trickreport/backend/internal/interfaces/http/handler/analytics.go:36.16,39.3 2 1
github.com/trickreport/backend/internal/interfaces/http/handler/analytics.go:41.2,41.41 1 1
github.com/trickreport/backend/internal/interfaces/http/handler/analytics.go:44.90,48.16 3 1
github.com/trickreport/backend/internal/interfaces/http/handler/analytics.go:48.16,51.3 2 1
github.com/trickreport/backend/internal/interfaces/http/handler/analytics.go:53.2,53.39 1 1
github.com/trickreport/backend/internal/interfaces/http/handler/analytics.go:56.86,60.16 3 1
github.com/trickreport/backend/internal/interfaces/http/handler/analytics.go:60.16,63.3 2 1
github.com/trickreport/backend/internal/interfaces/http/handler/analytics.go:65.2,65.42 1 1
github.com/trickreport/backend/internal/interfaces/http/handler/analytics.go:70.78,74.16 3 1
github.com/trickreport/backend/internal/interfaces/http/handler/analytics.go:74.16,78.3 3 1
github.com/trickreport/backend/internal/interfaces/http/handler/analytics.go:80.2,80.39 1 1
github.com/trickreport/backend/internal/interfaces/http/handler/article.go:22.65,24.2 1 1
github.com/trickreport/backend/internal/interfaces/http/handler/article.go:56.50,63.2 1 1
github.com/trickreport/backend/internal/interfaces/http/handler/article.go:65.71,72.16 4 1
github.com/trickreport/backend/internal/interfaces/http/handler/article.go:72.16,75.3 2 1
github.com/trickreport/backend/internal/interfaces/http/handler/article.go:77.2,78.29 2 1
github.com/trickreport/backend/internal/interfaces/http/handler/article.go:78.29,80.3 1 1
github.com/trickreport/backend/internal/interfaces/http/handler/article.go:81.2,81.39 1 1
github.com/trickreport/backend/internal/interfaces/http/handler/article.go:84.70,88.16 4 1
github.com/trickreport/backend/internal/interfaces/http/handler/article.go:88.16,91.3 2 1
github.com/trickreport/backend/internal/interfaces/http/handler/article.go:93.2,94.16 2 1
github.com/trickreport/backend/internal/interfaces/http/handler/article.go:94.16,95.42 1 1
github.com/trickreport/backend/internal/interfaces/http/handler/article.go:95.42,98.4 2 1
github.com/trickreport/backend/internal/interfaces/http/handler/article.go:99.3,100.9 2 0
github.com/trickreport/backend/internal/interfaces/http/handler/article.go:103.2,103.50 1 1
github.com/trickreport/backend/internal/interfaces/http/handler/article.go:106.73,111.61 4 1
github.com/trickreport/backend/internal/interfaces/http/handler/article.go:111.61,114.3 2 1
github.com/trickreport/backend/internal/interfaces/http/handler/article.go:115.2,115.55 1 1
github.com/trickreport/backend/internal/interfaces/http/handler/article.go:115.55,118.3 2 1
github.com/trickreport/backend/internal/interfaces/http/handler/article.go:120.2,129.16 2 1
github.com/trickreport/backend/internal/interfaces/http/handler/article.go:129.16,130.44 1 1
github.com/trickreport/backend/internal/interfaces/http/handler/article.go:130.44,133.4 2 0
github.com/trickreport/backend/internal/interfaces/http/handler/article.go:134.3,135.9 2 1
github.com/trickreport/backend/internal/interfaces/http/handler/article.go:138.2,138.55 1 1
github.com/trickreport/backend/internal/interfaces/http/handler/article.go:141.73,144.16 3 1
github.com/trickreport/backend/internal/interfaces/http/handler/article.go:144.16,147.3 2 1
github.com/trickreport/backend/internal/interfaces/http/handler/article.go:149.2,150.61 2 1
github.com/trickreport/backend/internal/interfaces/http/handler/article.go:150.61,153.3 2 1
github.com/trickreport/backend/internal/interfaces/http/handler/article.go:154.2,154.55 1 1
github.com/trickreport/backend/internal/interfaces/http/handler/article.go:154.55,157.3 2 1
github.com/trickreport/backend/internal/interfaces/http/handler/article.go:159.2,163.16 2 1
github.com/trickreport/backend/internal/interfaces/http/handler/article.go:163.16,164.42 1 1
github.com/trickreport/backend/internal/interfaces/http/handler/article.go:164.42,167.4 2 1
github.com/trickreport/backend/internal/interfaces/http/handler/article.go:168.3,168.44 1 1
github.com/trickreport/backend/internal/interfaces/http/handler/article.go:168.44,171.4 2 0
github.com/trickreport/backend/internal/interfaces/http/handler/article.go:172.3,173.9 2 1
github.com/trickreport/backend/internal/interfaces/http/handler/article.go:176.2,176.50 1 1
github.com/trickreport/backend/internal/interfaces/http/handler/article.go:179.73,182.16 3 1
github.com/trickreport/backend/internal/interfaces/http/handler/article.go:182.16,185.3 2 1
github.com/trickreport/backend/internal/interfaces/http/handler/article.go:187.2,187.64 1 1
github.com/trickreport/backend/internal/interfaces/http/handler/article.go:187.64,188.42 1 1
github.com/trickreport/backend/internal/interfaces/http/handler/article.go:188.42,191.4 2 1
github.com/trickreport/backend/internal/interfaces/http/handler/article.go:192.3,193.9 2 1
github.com/trickreport/backend/internal/interfaces/http/handler/article.go:196.2,196.23 1 1
github.com/trickreport/backend/internal/interfaces/http/handler/attachment.go:23.80,25.2 1 1
github.com/trickreport/backend/internal/interfaces/http/handler/attachment.go:42.58,44.27 2 1
github.com/trickreport/backend/internal/interfaces/http/handler/attachment.go:44.27,46.3 1 0
github.com/trickreport/backend/internal/interfaces/http/handler/attachment.go:47.2,56.3 1 1
github.com/trickreport/backend/internal/interfaces/http/handler/attachment.go:60.76,65.16 4 1
github.com/trickreport/backend/internal/interfaces/http/handler/attachment.go:65.16,68.3 2 1
github.com/trickreport/backend/internal/interfaces/http/handler/attachment.go:71.2,72.60 2 1
github.com/trickreport/backend/internal/interfaces/http/handler/attachment.go:72.60,75.3 2 1
github.com/trickreport/backend/internal/interfaces/http/handler/attachment.go:77.2,78.16 2 1
github.com/trickreport/backend/internal/interfaces/http/handler/attachment.go:78.16,81.3 2 1
github.com/trickreport/backend/internal/interfaces/http/handler/attachment.go:82.2,85.16 3 1
github.com/trickreport/backend/internal/interfaces/http/handler/attachment.go:85.16,88.3 2 0
github.com/trickreport/backend/internal/interfaces/http/handler/attachment.go:90.2,91.23 2 1
github.com/trickreport/backend/internal/interfaces/http/handler/attachment.go:91.23,93.3 1 0
github.com/trickreport/backend/internal/interfaces/http/handler/attachment.go:95.2,104.16 2 1
github.com/trickreport/backend/internal/interfaces/http/handler/attachment.go:104.16,105.10 1 1
github.com/trickreport/backend/internal/interfaces/http/handler/attachment.go:106.43,107.62 1 1
github.com/trickreport/backend/internal/interfaces/http/handler/attachment.go:108.44,109.80 1 1
github.com/trickreport/backend/internal/interfaces/http/handler/attachment.go:110.11,111.84 1 1
github.com/trickreport/backend/internal/interfaces/http/handler/attachment.go:113.3,113.9 1 1
github.com/trickreport/backend/internal/interfaces/http/handler/attachment.go:116.2,116.60 1 1
github.com/trickreport/backend/internal/interfaces/http/handler/attachment.go:120.74,125.16 4 1
github.com/trickreport/backend/internal/interfaces/http/handler/attachment.go:125.16,128.3 2 1
github.com/trickreport/backend/internal/interfaces/http/handler/attachment.go:130.2,136.16 2 1
github.com/trickreport/backend/internal/interfaces/http/handler/attachment.go:136.16,137.10 1 1
github.com/trickreport/backend/internal/interfaces/http/handler/attachment.go:138.43,139.62 1 1
github.com/trickreport/backend/internal/interfaces/http/handler/attachment.go:140.44,141.80 1 1
github.com/trickreport/backend/internal/interfaces/http/handler/attachment.go:142.11,143.83 1 1
github.com/trickreport/backend/internal/interfaces/http/handler/attachment.go:145.3,145.9 1 1
github.com/trickreport/backend/internal/interfaces/http/handler/attachment.go:148.2,149.32 2 1
github.com/trickreport/backend/internal/interfaces/http/handler/attachment.go:149.32,151.3 1 1
github.com/trickreport/backend/internal/interfaces/http/handler/attachment.go:152.2,152.39 1 1
github.com/trickreport/backend/internal/interfaces/http/handler/attachment.go:156.78,161.16 4 1
github.com/trickreport/backend/internal/interfaces/http/handler/attachment.go:161.16,164.3 2 1
github.com/trickreport/backend/internal/interfaces/http/handler/attachment.go:166.2,167.16 2 1
github.com/trickreport/backend/internal/interfaces/http/handler/attachment.go:167.16,170.3 2 1
github.com/trickreport/backend/internal/interfaces/http/handler/attachment.go:172.2,179.16 2 1
github.com/trickreport/backend/internal/interfaces/http/handler/attachment.go:179.16,180.10 1 1
github.com/trickreport/backend/internal/interfaces/http/handler/attachment.go:181.43,182.76 1 1
github.com/trickreport/backend/internal/interfaces/http/handler/attachment.go:183.44,184.80 1 1
github.com/trickreport/backend/internal/interfaces/http/handler/attachment.go:185.11,186.86 1 1
github.com/trickreport/backend/internal/interfaces/http/handler/attachment.go:188.3,188.9 1 1
github.com/trickreport/backend/internal/interfaces/http/handler/attachment.go:191.2,195.22 5 1
github.com/trickreport/backend/internal/interfaces/http/handler/auth.go:21.56,23.2 1 1
github.com/trickreport/backend/internal/interfaces/http/handler/auth.go:43.69,45.61 2 1
github.com/trickreport/backend/internal/interfaces/http/handler/auth.go:45.61,48.3 2 1
github.com/trickreport/backend/internal/interfaces/http/handler/auth.go:49.2,49.55 1 1
github.com/trickreport/backend/internal/interfaces/http/handler/auth.go:49.55,52.3 2 1
github.com/trickreport/backend/internal/interfaces/http/handler/auth.go:54.2,58.16 2 1
github.com/trickreport/backend/internal/interfaces/http/handler/auth.go:58.16,59.104 1 1
github.com/trickreport/backend/internal/interfaces/http/handler/auth.go:59.104,62.4 2 1
github.com/trickreport/backend/internal/interfaces/http/handler/auth.go:63.3,64.9 2 1
github.com/trickreport/backend/internal/interfaces/http/handler/auth.go:67.2,86.4 2 1
github.com/trickreport/backend/internal/interfaces/http/handler/auth.go:89.66,94.9 2 1
github.com/trickreport/backend/internal/interfaces/http/handler/auth.go:94.9,97.3 2 1
github.com/trickreport/backend/internal/interfaces/http/handler/auth.go:99.2,100.16 2 1
github.com/trickreport/backend/internal/interfaces/http/handler/auth.go:100.16,103.3 2 1
github.com/trickreport/backend/internal/interfaces/http/handler/auth.go:105.2,111.4 1 1
github.com/trickreport/backend/internal/interfaces/http/handler/auth.go:114.70,123.2 2 1
github.com/trickreport/backend/internal/interfaces/http/handler/automation.go:22.68,24.2 1 1
github.com/trickreport/backend/internal/interfaces/http/handler/automation.go:57.44,63.2 1 1
github.com/trickreport/backend/internal/interfaces/http/handler/automation.go:65.74,69.16 3 1
github.com/trickreport/backend/internal/interfaces/http/handler/automation.go:69.16,72.3 2 1
github.com/trickreport/backend/internal/interfaces/http/handler/automation.go:74.2,75.29 2 1
github.com/trickreport/backend/internal/interfaces/http/handler/automation.go:75.29,77.3 1 1
github.com/trickreport/backend/internal/interfaces/http/handler/automation.go:78.2,78.39 1 1
github.com/trickreport/backend/internal/interfaces/http/handler/automation.go:81.76,85.61 3 1
github.com/trickreport/backend/internal/interfaces/http/handler/automation.go:85.61,88.3 2 1
github.com/trickreport/backend/internal/interfaces/http/handler/automation.go:89.2,89.55 1 1
github.com/trickreport/backend/internal/interfaces/http/handler/automation.go:89.55,92.3 2 1
github.com/trickreport/backend/internal/interfaces/http/handler/automation.go:94.2,99.16 2 1
github.com/trickreport/backend/internal/interfaces/http/handler/automation.go:99.16,100.47 1 1
github.com/trickreport/backend/internal/interfaces/http/handler/automation.go:100.47,103.4 2 0
github.com/trickreport/backend/internal/interfaces/http/handler/automation.go:104.3,105.9 2 1
github.com/trickreport/backend/internal/interfaces/http/handler/automation.go:108.2,108.55 1 1
github.com/trickreport/backend/internal/interfaces/http/handler/automation.go:111.76,114.16 3 1
github.com/trickreport/backend/internal/interfaces/http/handler/automation.go:114.16,117.3 2 1
github.com/trickreport/backend/internal/interfaces/http/handler/automation.go:119.2,120.61 2 1
github.com/trickreport/backend/internal/interfaces/http/handler/automation.go:120.61,123.3 2 1
github.com/trickreport/backend/internal/interfaces/http/handler/automation.go:124.2,124.55 1 1
github.com/trickreport/backend/internal/interfaces/http/handler/automation.go:124.55,127.3 2 1
github.com/trickreport/backend/internal/interfaces/http/handler/automation.go:129.2,134.16 2 1
github.com/trickreport/backend/internal/interfaces/http/handler/automation.go:134.16,135.45 1 1
github.com/trickreport/backend/internal/interfaces/http/handler/automation.go:135.45,138.4 2 1
github.com/trickreport/backend/internal/interfaces/http/handler/automation.go:139.3,139.47 1 1
github.com/trickreport/backend/internal/interfaces/http/handler/automation.go:139.47,142.4 2 0
github.com/trickreport/backend/internal/interfaces/http/handler/automation.go:143.3,144.9 2 1
github.com/trickreport/backend/internal/interfaces/http/handler/automation.go:147.2,147.50 1 1
github.com/trickreport/backend/internal/interfaces/http/handler/automation.go:150.76,153.16 3 1
github.com/trickreport/backend/internal/interfaces/http/handler/automation.go:153.16,156.3 2 1
github.com/trickreport/backend/internal/interfaces/http/handler/automation.go:158.2,158.64 1 1
github.com/trickreport/backend/internal/interfaces/http/handler/automation.go:158.64,159.45 1 1
github.com/trickreport/backend/internal/interfaces/http/handler/automation.go:159.45,162.4 2 1
github.com/trickreport/backend/internal/interfaces/http/handler/automation.go:163.3,164.9 2 1
github.com/trickreport/backend/internal/interfaces/http/handler/automation.go:167.2,167.23 1 1
github.com/trickreport/backend/internal/interfaces/http/handler/helpers.go:11.65,13.2 1 1
github.com/trickreport/backend/internal/interfaces/http/handler/sla.go:22.53,24.2 1 1
github.com/trickreport/backend/internal/interfaces/http/handler/sla.go:43.43,51.2 1 1
github.com/trickreport/backend/internal/interfaces/http/handler/sla.go:53.67,57.16 3 1
github.com/trickreport/backend/internal/interfaces/http/handler/sla.go:57.16,60.3 2 1
github.com/trickreport/backend/internal/interfaces/http/handler/sla.go:62.2,63.29 2 1
github.com/trickreport/backend/internal/interfaces/http/handler/sla.go:63.29,65.3 1 1
github.com/trickreport/backend/internal/interfaces/http/handler/sla.go:66.2,66.39 1 1
github.com/trickreport/backend/internal/interfaces/http/handler/sla.go:69.69,74.61 4 1
github.com/trickreport/backend/internal/interfaces/http/handler/sla.go:74.61,77.3 2 1
github.com/trickreport/backend/internal/interfaces/http/handler/sla.go:78.2,78.55 1 1
github.com/trickreport/backend/internal/interfaces/http/handler/sla.go:78.55,81.3 2 1
github.com/trickreport/backend/internal/interfaces/http/handler/sla.go:83.2,90.16 2 1
github.com/trickreport/backend/internal/interfaces/http/handler/sla.go:90.16,91.45 1 1
github.com/trickreport/backend/internal/interfaces/http/handler/sla.go:91.45,94.4 2 1
github.com/trickreport/backend/internal/interfaces/http/handler/sla.go:95.3,96.9 2 1
github.com/trickreport/backend/internal/interfaces/http/handler/sla.go:99.2,99.46 1 1
github.com/trickreport/backend/internal/interfaces/http/handler/ticket.go:24.66,26.2 1 1
github.com/trickreport/backend/internal/interfaces/http/handler/ticket.go:89.46,97.2 1 1
github.com/trickreport/backend/internal/interfaces/http/handler/ticket.go:99.49,104.2 1 1
github.com/trickreport/backend/internal/interfaces/http/handler/ticket.go:106.54,112.2 1 1
github.com/trickreport/backend/internal/interfaces/http/handler/ticket.go:114.70,131.16 7 1
github.com/trickreport/backend/internal/interfaces/http/handler/ticket.go:131.16,134.3 2 1
github.com/trickreport/backend/internal/interfaces/http/handler/ticket.go:136.2,137.28 2 1
github.com/trickreport/backend/internal/interfaces/http/handler/ticket.go:137.28,139.3 1 1
github.com/trickreport/backend/internal/interfaces/http/handler/ticket.go:140.2,140.39 1 1
github.com/trickreport/backend/internal/interfaces/http/handler/ticket.go:143.69,147.16 4 1
github.com/trickreport/backend/internal/interfaces/http/handler/ticket.go:147.16,150.3 2 1
github.com/trickreport/backend/internal/interfaces/http/handler/ticket.go:152.2,153.16 2 1
github.com/trickreport/backend/internal/interfaces/http/handler/ticket.go:153.16,154.41 1 1
github.com/trickreport/backend/internal/interfaces/http/handler/ticket.go:154.41,157.4 2 1
github.com/trickreport/backend/internal/interfaces/http/handler/ticket.go:158.3,158.42 1 1
github.com/trickreport/backend/internal/interfaces/http/handler/ticket.go:158.42,161.4 2 1
github.com/trickreport/backend/internal/interfaces/http/handler/ticket.go:162.3,163.9 2 0
github.com/trickreport/backend/internal/interfaces/http/handler/ticket.go:166.2,166.49 1 1
github.com/trickreport/backend/internal/interfaces/http/handler/ticket.go:169.72,174.61 4 1
github.com/trickreport/backend/internal/interfaces/http/handler/ticket.go:174.61,177.3 2 1
github.com/trickreport/backend/internal/interfaces/http/handler/ticket.go:178.2,178.55 1 1
github.com/trickreport/backend/internal/interfaces/http/handler/ticket.go:178.55,181.3 2 1
github.com/trickreport/backend/internal/interfaces/http/handler/ticket.go:183.2,191.16 2 1
github.com/trickreport/backend/internal/interfaces/http/handler/ticket.go:191.16,192.43 1 1
github.com/trickreport/backend/internal/interfaces/http/handler/ticket.go:192.43,195.4 2 0
github.com/trickreport/backend/internal/interfaces/http/handler/ticket.go:196.3,197.9 2 1
github.com/trickreport/backend/internal/interfaces/http/handler/ticket.go:200.2,200.54 1 1
github.com/trickreport/backend/internal/interfaces/http/handler/ticket.go:203.78,207.16 4 1
github.com/trickreport/backend/internal/interfaces/http/handler/ticket.go:207.16,210.3 2 0
github.com/trickreport/backend/internal/interfaces/http/handler/ticket.go:212.2,213.61 2 1
github.com/trickreport/backend/internal/interfaces/http/handler/ticket.go:213.61,216.3 2 1
github.com/trickreport/backend/internal/interfaces/http/handler/ticket.go:217.2,217.55 1 1
github.com/trickreport/backend/internal/interfaces/http/handler/ticket.go:217.55,220.3 2 1
github.com/trickreport/backend/internal/interfaces/http/handler/ticket.go:222.2,223.16 2 1
github.com/trickreport/backend/internal/interfaces/http/handler/ticket.go:223.16,224.10 1 1
github.com/trickreport/backend/internal/interfaces/http/handler/ticket.go:225.45,226.62 1 0
github.com/trickreport/backend/internal/interfaces/http/handler/ticket.go:227.43,228.62 1 1
github.com/trickreport/backend/internal/interfaces/http/handler/ticket.go:229.44,230.80 1 1
github.com/trickreport/backend/internal/interfaces/http/handler/ticket.go:231.52,232.73 1 1
github.com/trickreport/backend/internal/interfaces/http/handler/ticket.go:233.11,234.80 1 1
github.com/trickreport/backend/internal/interfaces/http/handler/ticket.go:236.3,236.9 1 1
github.com/trickreport/backend/internal/interfaces/http/handler/ticket.go:239.2,239.74 1 1
github.com/trickreport/backend/internal/interfaces/http/handler/ticket.go:242.72,246.16 4 1
github.com/trickreport/backend/internal/interfaces/http/handler/ticket.go:246.16,249.3 2 1
github.com/trickreport/backend/internal/interfaces/http/handler/ticket.go:251.2,252.61 2 1
github.com/trickreport/backend/internal/interfaces/http/handler/ticket.go:252.61,255.3 2 1
github.com/trickreport/backend/internal/interfaces/http/handler/ticket.go:256.2,256.55 1 1
github.com/trickreport/backend/internal/interfaces/http/handler/ticket.go:256.55,259.3 2 0
github.com/trickreport/backend/internal/interfaces/http/handler/ticket.go:261.2,262.27 2 1
github.com/trickreport/backend/internal/interfaces/http/handler/ticket.go:262.27,264.3 1 1
github.com/trickreport/backend/internal/interfaces/http/handler/ticket.go:266.2,266.97 1 1
github.com/trickreport/backend/internal/interfaces/http/handler/ticket.go:266.97,267.41 1 1
github.com/trickreport/backend/internal/interfaces/http/handler/ticket.go:267.41,270.4 2 1
github.com/trickreport/backend/internal/interfaces/http/handler/ticket.go:271.3,272.9 2 1
github.com/trickreport/backend/internal/interfaces/http/handler/ticket.go:275.2,275.80 1 1
github.com/trickreport/backend/internal/interfaces/http/handler/ticket.go:278.78,282.16 4 1
github.com/trickreport/backend/internal/interfaces/http/handler/ticket.go:282.16,285.3 2 1
github.com/trickreport/backend/internal/interfaces/http/handler/ticket.go:287.2,288.16 2 1
github.com/trickreport/backend/internal/interfaces/http/handler/ticket.go:288.16,289.41 1 1
github.com/trickreport/backend/internal/interfaces/http/handler/ticket.go:289.41,292.4 2 1
github.com/trickreport/backend/internal/interfaces/http/handler/ticket.go:293.3,293.42 1 1
github.com/trickreport/backend/internal/interfaces/http/handler/ticket.go:293.42,296.4 2 1
github.com/trickreport/backend/internal/interfaces/http/handler/ticket.go:297.3,298.9 2 1
github.com/trickreport/backend/internal/interfaces/http/handler/ticket.go:301.2,302.29 2 1
github.com/trickreport/backend/internal/interfaces/http/handler/ticket.go:302.29,304.3 1 1
github.com/trickreport/backend/internal/interfaces/http/handler/ticket.go:305.2,305.39 1 1
github.com/trickreport/backend/internal/interfaces/http/handler/ticket.go:308.76,312.16 4 1
github.com/trickreport/backend/internal/interfaces/http/handler/ticket.go:312.16,315.3 2 0
github.com/trickreport/backend/internal/interfaces/http/handler/ticket.go:317.2,318.61 2 1
github.com/trickreport/backend/internal/interfaces/http/handler/ticket.go:318.61,321.3 2 1
github.com/trickreport/backend/internal/interfaces/http/handler/ticket.go:322.2,322.55 1 1
github.com/trickreport/backend/internal/interfaces/http/handler/ticket.go:322.55,325.3 2 1
github.com/trickreport/backend/internal/interfaces/http/handler/ticket.go:327.2,335.16 2 1
github.com/trickreport/backend/internal/interfaces/http/handler/ticket.go:335.16,336.10 1 1
github.com/trickreport/backend/internal/interfaces/http/handler/ticket.go:337.45,338.67 1 0
github.com/trickreport/backend/internal/interfaces/http/handler/ticket.go:339.43,340.62 1 1
github.com/trickreport/backend/internal/interfaces/http/handler/ticket.go:341.44,342.84 1 1
github.com/trickreport/backend/internal/interfaces/http/handler/ticket.go:343.11,344.81 1 1
github.com/trickreport/backend/internal/interfaces/http/handler/ticket.go:346.3,346.9 1 1
github.com/trickreport/backend/internal/interfaces/http/handler/ticket.go:349.2,349.55 1 1
github.com/trickreport/backend/internal/interfaces/http/handler/ticket.go:352.77,356.16 4 1
github.com/trickreport/backend/internal/interfaces/http/handler/ticket.go:356.16,359.3 2 1
github.com/trickreport/backend/internal/interfaces/http/handler/ticket.go:361.2,362.16 2 1
github.com/trickreport/backend/internal/interfaces/http/handler/ticket.go:362.16,363.41 1 1
github.com/trickreport/backend/internal/interfaces/http/handler/ticket.go:363.41,366.4 2 1
github.com/trickreport/backend/internal/interfaces/http/handler/ticket.go:367.3,367.42 1 1
github.com/trickreport/backend/internal/interfaces/http/handler/ticket.go:367.42,370.4 2 1
github.com/trickreport/backend/internal/interfaces/http/handler/ticket.go:371.3,372.9 2 1
github.com/trickreport/backend/internal/interfaces/http/handler/ticket.go:375.2,376.28 2 1
github.com/trickreport/backend/internal/interfaces/http/handler/ticket.go:376.28,378.3 1 1
github.com/trickreport/backend/internal/interfaces/http/handler/ticket.go:379.2,379.39 1 1
github.com/trickreport/backend/internal/interfaces/http/handler/user.go:22.56,24.2 1 1
github.com/trickreport/backend/internal/interfaces/http/handler/user.go:51.38,57.2 1 1
github.com/trickreport/backend/internal/interfaces/http/handler/user.go:59.68,63.16 3 1
github.com/trickreport/backend/internal/interfaces/http/handler/user.go:63.16,66.3 2 1
github.com/trickreport/backend/internal/interfaces/http/handler/user.go:68.2,69.26 2 1
github.com/trickreport/backend/internal/interfaces/http/handler/user.go:69.26,71.3 1 1
github.com/trickreport/backend/internal/interfaces/http/handler/user.go:72.2,72.39 1 1
github.com/trickreport/backend/internal/interfaces/http/handler/user.go:75.67,78.16 3 1
github.com/trickreport/backend/internal/interfaces/http/handler/user.go:78.16,81.3 2 1
github.com/trickreport/backend/internal/interfaces/http/handler/user.go:83.2,84.16 2 1
github.com/trickreport/backend/internal/interfaces/http/handler/user.go:84.16,87.3 2 1
github.com/trickreport/backend/internal/interfaces/http/handler/user.go:89.2,89.47 1 1
github.com/trickreport/backend/internal/interfaces/http/handler/user.go:92.70,96.61 3 1
github.com/trickreport/backend/internal/interfaces/http/handler/user.go:96.61,99.3 2 1
github.com/trickreport/backend/internal/interfaces/http/handler/user.go:100.2,100.55 1 1
github.com/trickreport/backend/internal/interfaces/http/handler/user.go:100.55,103.3 2 1
github.com/trickreport/backend/internal/interfaces/http/handler/user.go:105.2,112.16 2 1
github.com/trickreport/backend/internal/interfaces/http/handler/user.go:112.16,113.41 1 1
github.com/trickreport/backend/internal/interfaces/http/handler/user.go:113.41,116.4 2 0
github.com/trickreport/backend/internal/interfaces/http/handler/user.go:117.3,118.9 2 1
github.com/trickreport/backend/internal/interfaces/http/handler/user.go:121.2,121.52 1 1
github.com/trickreport/backend/internal/interfaces/http/handler/user.go:124.70,127.16 3 1
github.com/trickreport/backend/internal/interfaces/http/handler/user.go:127.16,130.3 2 1
github.com/trickreport/backend/internal/interfaces/http/handler/user.go:132.2,133.61 2 1
github.com/trickreport/backend/internal/interfaces/http/handler/user.go:133.61,136.3 2 1
github.com/trickreport/backend/internal/interfaces/http/handler/user.go:137.2,137.55 1 1
github.com/trickreport/backend/internal/interfaces/http/handler/user.go:137.55,140.3 2 0
github.com/trickreport/backend/internal/interfaces/http/handler/user.go:142.2,148.16 2 1
github.com/trickreport/backend/internal/interfaces/http/handler/user.go:148.16,149.39 1 1
github.com/trickreport/backend/internal/interfaces/http/handler/user.go:149.39,152.4 2 1
github.com/trickreport/backend/internal/interfaces/http/handler/user.go:153.3,154.9 2 1
github.com/trickreport/backend/internal/interfaces/http/handler/user.go:157.2,157.47 1 1
github.com/trickreport/backend/internal/interfaces/http/handler/user.go:160.70,163.16 3 1
github.com/trickreport/backend/internal/interfaces/http/handler/user.go:163.16,166.3 2 1
github.com/trickreport/backend/internal/interfaces/http/handler/user.go:168.2,168.68 1 1
github.com/trickreport/backend/internal/interfaces/http/handler/user.go:168.68,169.39 1 1
github.com/trickreport/backend/internal/interfaces/http/handler/user.go:169.39,172.4 2 1
github.com/trickreport/backend/internal/interfaces/http/handler/user.go:173.3,174.9 2 1
github.com/trickreport/backend/internal/interfaces/http/handler/user.go:177.2,177.23 1 1
github.com/trickreport/backend/internal/interfaces/http/validator/validator.go:15.42,16.16 1 1
github.com/trickreport/backend/internal/interfaces/http/validator/validator.go:16.16,18.3 1 1
github.com/trickreport/backend/internal/interfaces/http/validator/validator.go:20.2,21.27 2 1
github.com/trickreport/backend/internal/interfaces/http/validator/validator.go:21.27,23.26 2 1
github.com/trickreport/backend/internal/interfaces/http/validator/validator.go:23.26,25.4 1 1
github.com/trickreport/backend/internal/interfaces/http/validator/validator.go:26.3,26.14 1 1
github.com/trickreport/backend/internal/interfaces/http/validator/validator.go:28.2,28.30 1 1
github.com/trickreport/backend/internal/realtime/client.go:35.48,37.28 2 1
github.com/trickreport/backend/internal/realtime/client.go:37.28,40.14 3 1
github.com/trickreport/backend/internal/realtime/client.go:40.14,42.4 1 1
github.com/trickreport/backend/internal/realtime/client.go:44.2,44.29 1 1
github.com/trickreport/backend/internal/realtime/client.go:50.42,52.19 2 1
github.com/trickreport/backend/internal/realtime/client.go:52.19,56.4 1 1
github.com/trickreport/backend/internal/realtime/client.go:57.3,58.42 2 1
github.com/trickreport/backend/internal/realtime/client.go:58.42,59.25 1 1
github.com/trickreport/backend/internal/realtime/client.go:59.25,61.5 1 1
github.com/trickreport/backend/internal/realtime/client.go:63.3,64.15 2 1
github.com/trickreport/backend/internal/realtime/client.go:82.29,83.15 1 1
github.com/trickreport/backend/internal/realtime/client.go:83.15,86.3 2 1
github.com/trickreport/backend/internal/realtime/client.go:87.2,89.43 3 1
github.com/trickreport/backend/internal/realtime/client.go:89.43,89.107 2 0
github.com/trickreport/backend/internal/realtime/client.go:90.2,90.6 1 1
github.com/trickreport/backend/internal/realtime/client.go:90.6,92.17 2 1
github.com/trickreport/backend/internal/realtime/client.go:92.17,93.103 1 1
github.com/trickreport/backend/internal/realtime/client.go:93.103,95.5 1 0
github.com/trickreport/backend/internal/realtime/client.go:96.4,96.9 1 1
github.com/trickreport/backend/internal/realtime/client.go:99.3,99.77 1 0
github.com/trickreport/backend/internal/realtime/client.go:104.30,106.15 2 1
github.com/trickreport/backend/internal/realtime/client.go:106.15,109.3 2 1
github.com/trickreport/backend/internal/realtime/client.go:110.2,110.6 1 1
github.com/trickreport/backend/internal/realtime/client.go:110.6,111.10 1 1
github.com/trickreport/backend/internal/realtime/client.go:112.32,114.11 2 1
github.com/trickreport/backend/internal/realtime/client.go:114.11,118.5 2 1
github.com/trickreport/backend/internal/realtime/client.go:120.4,121.18 2 1
github.com/trickreport/backend/internal/realtime/client.go:121.18,123.5 1 0
github.com/trickreport/backend/internal/realtime/client.go:124.4,128.27 3 1
github.com/trickreport/backend/internal/realtime/client.go:128.27,131.5 2 0
github.com/trickreport/backend/internal/realtime/client.go:133.4,133.36 1 1
github.com/trickreport/backend/internal/realtime/client.go:133.36,135.5 1 0
github.com/trickreport/backend/internal/realtime/client.go:136.19,138.74 2 0
github.com/trickreport/backend/internal/realtime/client.go:138.74,140.5 1 0
github.com/trickreport/backend/internal/realtime/client.go:146.102,148.16 2 1
github.com/trickreport/backend/internal/realtime/client.go:148.16,151.3 2 1
github.com/trickreport/backend/internal/realtime/client.go:153.2,165.22 4 1
github.com/trickreport/backend/internal/realtime/hub.go:30.20,37.2 1 1
github.com/trickreport/backend/internal/realtime/hub.go:39.21,41.6 2 1
github.com/trickreport/backend/internal/realtime/hub.go:41.6,42.10 1 1
github.com/trickreport/backend/internal/realtime/hub.go:43.31,45.48 2 1
github.com/trickreport/backend/internal/realtime/hub.go:45.48,47.5 1 1
github.com/trickreport/backend/internal/realtime/hub.go:48.4,50.121 3 1
github.com/trickreport/backend/internal/realtime/hub.go:52.33,54.47 2 1
github.com/trickreport/backend/internal/realtime/hub.go:54.47,55.56 1 1
github.com/trickreport/backend/internal/realtime/hub.go:55.56,58.46 3 1
github.com/trickreport/backend/internal/realtime/hub.go:58.46,60.7 1 1
github.com/trickreport/backend/internal/realtime/hub.go:61.6,61.126 1 1
github.com/trickreport/backend/internal/realtime/hub.go:64.4,64.17 1 1
github.com/trickreport/backend/internal/realtime/hub.go:66.33,69.32 3 1
github.com/trickreport/backend/internal/realtime/hub.go:69.32,70.12 1 1
github.com/trickreport/backend/internal/realtime/hub.go:71.41,71.41 0 1
github.com/trickreport/backend/internal/realtime/hub.go:72.13,74.49 2 1
github.com/trickreport/backend/internal/realtime/hub.go:77.4,77.17 1 1
github.com/trickreport/backend/internal/realtime/hub.go:83.81,91.16 3 1
github.com/trickreport/backend/internal/realtime/hub.go:91.16,94.3 2 1
github.com/trickreport/backend/internal/realtime/hub.go:96.2,99.3 1 1
github.com/trickreport/backend/internal/worker/worker.go:31.44,32.25 1 1
github.com/trickreport/backend/internal/worker/worker.go:32.25,32.48 1 1
github.com/trickreport/backend/internal/worker/worker.go:36.43,37.25 1 1
github.com/trickreport/backend/internal/worker/worker.go:37.25,37.43 1 1
github.com/trickreport/backend/internal/worker/worker.go:42.48,43.25 1 1
github.com/trickreport/backend/internal/worker/worker.go:43.25,43.46 1 1
github.com/trickreport/backend/internal/worker/worker.go:47.52,53.27 2 1
github.com/trickreport/backend/internal/worker/worker.go:53.27,55.3 1 1
github.com/trickreport/backend/internal/worker/worker.go:56.2,56.10 1 1
github.com/trickreport/backend/internal/worker/worker.go:61.45,67.6 4 1
github.com/trickreport/backend/internal/worker/worker.go:67.6,68.10 1 1
github.com/trickreport/backend/internal/worker/worker.go:69.21,73.10 4 1
github.com/trickreport/backend/internal/worker/worker.go:74.19,76.11 2 0
github.com/trickreport/backend/internal/worker/worker.go:76.11,79.5 2 0
github.com/trickreport/backend/internal/worker/worker.go:84.56,101.16 3 0
github.com/trickreport/backend/internal/worker/worker.go:101.16,104.3 2 0
github.com/trickreport/backend/internal/worker/worker.go:105.2,108.18 3 0
github.com/trickreport/backend/internal/worker/worker.go:108.18,110.51 2 0
github.com/trickreport/backend/internal/worker/worker.go:110.51,112.12 2 0
github.com/trickreport/backend/internal/worker/worker.go:114.3,117.15 4 0
github.com/trickreport/backend/internal/worker/worker.go:117.15,119.4 1 0
github.com/trickreport/backend/internal/worker/worker.go:120.3,120.21 1 0
github.com/trickreport/backend/internal/worker/worker.go:120.21,122.4 1 0
github.com/trickreport/backend/internal/worker/worker.go:124.3,127.38 1 0
github.com/trickreport/backend/internal/worker/worker.go:127.38,129.4 1 0
github.com/trickreport/backend/internal/worker/worker.go:131.3,134.38 1 0
github.com/trickreport/backend/internal/worker/worker.go:134.38,136.4 1 0
github.com/trickreport/backend/internal/worker/worker.go:139.3,139.52 1 0
github.com/trickreport/backend/internal/worker/worker.go:139.52,148.83 2 0
github.com/trickreport/backend/internal/worker/worker.go:148.83,150.5 1 0
github.com/trickreport/backend/internal/worker/worker.go:154.2,154.21 1 0
github.com/trickreport/backend/internal/worker/worker.go:154.21,156.3 1 0
github.com/trickreport/backend/cmd/api/main.go:18.13,31.12 7 0
github.com/trickreport/backend/cmd/api/main.go:31.12,35.3 3 0
github.com/trickreport/backend/cmd/api/main.go:38.2,39.16 2 0
github.com/trickreport/backend/cmd/api/main.go:39.16,41.3 1 0
github.com/trickreport/backend/cmd/api/main.go:42.2,45.58 2 0
github.com/trickreport/backend/cmd/api/main.go:45.58,47.3 1 0
github.com/trickreport/backend/cmd/api/main.go:48.2,51.92 2 0
github.com/trickreport/backend/cmd/api/main.go:51.92,53.3 1 0
github.com/trickreport/backend/cmd/api/main.go:56.2,57.13 2 0
